x,y,z
49.219,138.872,6.667
49.633,139.206,6.696
50.010,139.550,6.743
50.339,139.943,6.745
50.667,140.336,6.775
51.003,140.729,6.829
51.383,141.088,6.856
51.851,141.453,6.882
52.308,141.803,6.918
52.751,142.116,6.951
53.195,142.411,6.976
53.700,142.676,7.010
54.188,142.878,7.031
54.732,143.046,7.042
55.295,143.152,7.050
55.869,143.252,7.063
56.469,143.330,7.075
57.062,143.392,7.091
57.652,143.431,7.098
58.260,143.455,7.121
58.871,143.472,7.120
59.511,143.482,7.125
60.137,143.485,7.123
60.791,143.493,7.126
61.292,143.489,7.134
61.808,143.517,7.133
62.358,143.498,7.158
62.924,143.495,7.156
63.522,143.493,7.158
64.140,143.504,7.159
64.762,143.525,7.174
65.382,143.565,7.191
66.016,143.600,7.210
66.671,143.640,7.217
67.384,143.739,7.202
68.095,143.799,7.206
68.829,143.849,7.192
69.533,143.860,7.224
70.036,143.897,7.205
70.790,143.929,7.195
71.513,144.026,7.190
72.234,144.080,7.186
72.741,144.126,7.203
73.244,144.173,7.187
73.788,144.204,7.169
74.358,144.265,7.187
74.934,144.305,7.202
75.522,144.350,7.208
76.122,144.391,7.221
76.731,144.436,7.221
77.330,144.468,7.234
77.937,144.509,7.225
78.551,144.547,7.244
79.147,144.588,7.248
79.751,144.627,7.275
80.344,144.662,7.292
80.930,144.711,7.290
81.503,144.750,7.288
82.090,144.796,7.286
82.692,144.844,7.288
83.277,144.916,7.301
83.864,144.976,7.311
84.461,145.047,7.317
85.030,145.115,7.344
85.614,145.173,7.346
86.217,145.244,7.371
86.785,145.317,7.364
87.364,145.388,7.375
87.932,145.464,7.402
88.523,145.554,7.412
89.098,145.643,7.444
89.704,145.715,7.449
90.266,145.807,7.431
90.851,145.900,7.465
91.443,145.986,7.481
92.028,146.076,7.506
92.623,146.164,7.537
93.192,146.263,7.540
93.765,146.349,7.538
94.358,146.440,7.551
94.950,146.537,7.557
95.529,146.624,7.568
96.115,146.721,7.585
96.695,146.820,7.605
97.273,146.929,7.612
97.853,147.044,7.634
98.453,147.162,7.650
99.043,147.288,7.667
99.638,147.418,7.686
100.264,147.538,7.693
100.857,147.672,7.707
101.453,147.802,7.718
102.037,147.943,7.750
102.628,148.085,7.772
103.224,148.234,7.782
103.801,148.391,7.824
104.383,148.545,7.830
104.963,148.701,7.869
105.550,148.854,7.901
106.121,149.007,7.913
106.708,149.177,7.936
107.280,149.337,7.977
107.882,149.494,7.991
108.452,149.668,8.002
109.039,149.820,8.030
109.613,149.993,8.046
110.183,150.139,8.077
110.717,150.294,8.100
111.266,150.442,8.127
111.799,150.588,8.174
112.356,150.740,8.157
112.887,150.853,8.166
113.456,151.009,8.186
113.982,151.125,8.223
114.529,151.241,8.234
115.087,151.391,8.229
115.634,151.500,8.271
116.181,151.637,8.265
116.705,151.794,8.294
117.229,151.943,8.323
117.719,152.082,8.349
118.229,152.213,8.361
118.722,152.339,8.376
119.208,152.464,8.393
119.913,152.651,8.413
120.630,152.865,8.452
121.125,153.007,8.473
121.629,153.154,8.495
122.138,153.305,8.521
122.629,153.442,8.544
123.133,153.579,8.562
123.615,153.720,8.594
124.301,153.920,8.619
124.956,154.100,8.655
125.555,154.275,8.679
126.126,154.434,8.723
126.636,154.580,8.750
127.130,154.711,8.773
127.749,154.889,8.801
128.309,155.040,8.836
128.792,155.182,8.863
129.296,155.319,8.923
129.824,155.473,8.925
130.322,155.624,8.951
130.843,155.762,8.967
131.346,155.891,8.989
131.834,156.010,9.025
132.325,156.126,9.044
132.956,156.270,9.065
133.543,156.406,9.108
134.154,156.545,9.129
134.746,156.677,9.160
135.379,156.822,9.201
135.870,156.928,9.240
136.364,157.046,9.257
136.870,157.148,9.277
137.376,157.265,9.288
137.878,157.378,9.312
138.411,157.494,9.338
138.973,157.632,9.379
139.587,157.769,9.411
140.190,157.903,9.444
140.775,158.046,9.476
141.350,158.188,9.504
141.929,158.337,9.535
142.570,158.512,9.564
143.267,158.691,9.607
143.991,158.874,9.647
144.709,159.058,9.686
145.196,159.191,9.710
145.688,159.324,9.740
146.188,159.457,9.768
146.675,159.607,9.803
147.208,159.731,9.856
147.733,159.874,9.883
148.267,160.023,9.917
148.805,160.154,9.954
149.347,160.302,9.985
149.874,160.447,10.017
150.408,160.589,10.066
150.956,160.737,10.109
151.523,160.885,10.129
152.098,161.037,10.181
152.654,161.193,10.218
153.228,161.344,10.249
153.802,161.500,10.297
154.370,161.656,10.325
154.930,161.814,10.385
155.482,161.970,10.441
156.044,162.124,10.455
156.625,162.283,10.472
157.206,162.442,10.571
157.787,162.601,10.636
158.379,162.768,10.669
158.930,162.914,10.700
159.484,163.064,10.722
160.002,163.190,10.795
160.543,163.303,10.815
161.113,163.457,10.863
161.726,163.640,10.914
162.342,163.790,10.940
162.934,163.912,10.976
163.552,164.085,11.024
164.143,164.236,11.083
164.739,164.401,11.122
165.360,164.554,11.172
165.974,164.697,11.221
166.580,164.851,11.271
167.190,165.002,11.315
167.802,165.147,11.361
168.411,165.285,11.400
169.009,165.432,11.439
169.634,165.571,11.492
170.244,165.733,11.549
170.869,165.884,11.599
171.473,166.028,11.643
172.109,166.184,11.681
172.724,166.341,11.726
173.338,166.487,11.779
173.962,166.630,11.828
174.582,166.788,11.883
175.181,166.923,11.932
175.776,167.059,11.985
176.377,167.200,12.035
176.992,167.322,12.083
177.602,167.459,12.129
178.200,167.593,12.185
178.806,167.743,12.226
179.401,167.873,12.271
180.026,168.008,12.316
180.642,168.121,12.364
181.246,168.233,12.417
181.872,168.336,12.463
182.497,168.434,12.508
183.149,168.534,12.554
183.798,168.631,12.604
184.440,168.723,12.640
185.107,168.789,12.672
185.774,168.853,12.717
186.437,168.908,12.755
187.087,168.938,12.800
187.769,168.961,12.847
188.449,168.985,12.894
189.131,168.977,12.925
189.842,168.966,12.972
190.519,168.958,12.997
191.206,168.922,13.029
191.891,168.878,13.099
192.585,168.832,13.021
193.308,168.751,13.145
194.013,168.678,13.162
194.689,168.616,13.204
195.367,168.508,13.215
196.039,168.391,13.202
196.730,168.259,13.244
197.376,168.147,13.269
198.036,168.013,13.298
198.683,167.866,13.336
199.356,167.724,13.347
200.021,167.551,13.372
200.701,167.372,13.381
201.360,167.195,13.418
202.038,166.986,13.423
202.707,166.790,13.435
203.380,166.583,13.445
204.054,166.353,13.450
204.704,166.124,13.468
205.375,165.886,13.480
206.012,165.643,13.506
206.648,165.386,13.496
207.284,165.111,13.504
207.897,164.837,13.519
208.529,164.538,13.527
209.135,164.240,13.548
209.734,163.930,13.523
210.327,163.613,13.528
210.908,163.277,13.513
211.509,162.931,13.532
212.103,162.595,13.526
212.683,162.245,13.518
213.242,161.906,13.538
213.799,161.565,13.538
214.320,161.186,13.570
214.899,160.850,13.504
215.424,160.483,13.492
215.944,160.165,13.483
216.506,159.793,13.459
217.041,159.435,13.468
217.579,159.082,13.470
218.148,158.677,13.479
218.716,158.284,13.423
219.284,157.880,13.452
219.823,157.482,13.464
220.373,157.083,13.453
220.941,156.666,13.448
221.506,156.256,13.448
222.078,155.825,13.426
222.639,155.405,13.407
223.215,154.980,13.424
223.788,154.565,13.413
224.363,154.136,13.394
224.958,153.707,13.397
225.553,153.282,13.395
226.132,152.859,13.404
226.737,152.420,13.406
227.348,151.967,13.403
227.974,151.515,13.402
228.621,151.049,13.383
229.241,150.584,13.389
229.847,150.118,13.367
230.465,149.676,13.380
231.103,149.206,13.370
231.725,148.733,13.384
232.374,148.262,13.370
233.030,147.770,13.336
233.682,147.277,13.336
234.323,146.801,13.321
234.972,146.321,13.344
235.629,145.866,13.330
236.295,145.389,13.314
236.966,144.924,13.326
237.634,144.461,13.319
238.299,143.986,13.312
238.993,143.490,13.299
239.680,143.004,13.279
240.337,142.530,13.295
241.019,142.042,13.269
241.700,141.558,13.287
242.375,141.075,13.277
243.036,140.607,13.279
243.702,140.135,13.274
244.379,139.651,13.279
245.044,139.189,13.274
245.703,138.728,13.293
246.363,138.272,13.291
247.021,137.812,13.300
247.691,137.350,13.294
248.343,136.882,13.290
248.993,136.432,13.308
249.649,135.977,13.307
250.319,135.516,13.319
250.962,135.077,13.315
251.631,134.605,13.318
252.291,134.153,13.326
252.922,133.714,13.341
253.619,133.246,13.358
254.276,132.807,13.354
254.954,132.357,13.352
255.634,131.906,13.352
256.283,131.441,13.357
256.940,130.997,13.359
257.612,130.547,13.389
258.251,130.099,13.382
258.916,129.674,13.362
259.539,129.236,13.332
260.156,128.780,13.351
260.792,128.333,13.330
261.408,127.873,13.331
262.034,127.428,13.320
262.653,126.969,13.283
263.301,126.499,13.274
263.956,125.998,13.260
264.601,125.495,13.262
265.248,125.020,13.222
265.886,124.525,13.212
266.523,124.042,13.208
267.153,123.566,13.182
267.783,123.083,13.173
268.403,122.629,13.178
269.035,122.171,13.164
269.643,121.723,13.157
270.270,121.262,13.157
270.886,120.798,13.138
271.520,120.332,13.126
272.147,119.856,13.129
272.767,119.389,13.124
273.388,118.901,13.128
274.013,118.427,13.101
274.622,117.951,13.095
275.234,117.477,13.082
275.861,117.041,13.074
276.452,116.584,13.098
277.049,116.153,13.054
277.618,115.714,13.058
278.200,115.300,13.079
278.769,114.875,13.094
279.345,114.443,13.094
279.936,114.013,13.107
280.519,113.576,13.113
281.102,113.145,13.117
281.679,112.725,13.127
282.267,112.306,13.149
282.846,111.897,13.162
283.427,111.463,13.168
284.008,111.052,13.132
284.583,110.649,13.132
285.153,110.276,13.157
285.711,109.907,13.130
286.246,109.534,13.125
286.786,109.157,13.126
287.298,108.803,13.119
287.796,108.460,13.127
288.285,108.135,13.118
288.749,107.811,13.114
289.187,107.487,13.126
289.630,107.180,13.116
290.047,106.889,13.116
290.456,106.597,13.129
290.860,106.299,13.125
291.448,105.888,13.130
292.013,105.496,13.111
292.551,105.111,13.099
293.053,104.757,13.099
293.536,104.400,13.094
293.982,104.085,13.097
294.495,103.720,13.093
294.915,103.423,13.094
295.362,103.115,13.092
295.773,102.828,13.106
296.231,102.497,13.110
296.701,102.172,13.104
297.193,101.840,13.106
297.659,101.527,13.103
298.106,101.222,13.114
298.525,100.933,13.129
298.925,100.630,13.088
299.375,100.345,13.102
299.791,100.050,13.108
300.266,99.727,13.115
300.695,99.454,13.101
301.180,99.119,13.122
301.734,98.752,13.130
302.217,98.419,13.134
302.730,98.070,13.130
303.291,97.698,13.123
303.894,97.296,13.127
304.327,97.025,13.137
304.772,96.728,13.153
305.245,96.433,13.161
305.731,96.139,13.170
306.220,95.834,13.177
306.744,95.524,13.192
307.306,95.211,13.197
307.881,94.904,13.210
308.454,94.601,13.222
309.045,94.292,13.244
309.661,93.990,13.246
310.308,93.683,13.275
310.947,93.374,13.295
311.609,93.061,13.295
312.290,92.755,13.317
312.975,92.465,13.344
313.628,92.181,13.375
314.295,91.908,13.394
314.967,91.648,13.413
315.640,91.408,13.419
316.320,91.169,13.431
317.009,90.939,13.450
317.673,90.715,13.471
318.382,90.475,13.493
319.079,90.271,13.499
319.802,90.075,13.518
320.506,89.881,13.544
321.211,89.702,13.552
321.923,89.527,13.572
322.652,89.362,13.591
323.379,89.205,13.612
324.126,89.057,13.645
324.872,88.921,13.669
325.619,88.785,13.699
326.384,88.672,13.729
327.170,88.562,13.750
327.966,88.482,13.786
328.748,88.407,13.804
329.557,88.352,13.855
330.328,88.307,13.877
331.116,88.248,13.905
331.937,88.206,13.939
332.734,88.162,13.980
333.540,88.109,14.018
334.339,88.063,14.055
335.157,88.018,14.107
335.979,87.980,14.160
336.801,87.944,14.200
337.609,87.916,14.235
338.407,87.879,14.279
339.214,87.852,14.315
340.046,87.824,14.359
340.864,87.801,14.397
341.667,87.776,14.448
342.476,87.774,14.471
343.297,87.761,14.520
344.096,87.744,14.560
344.911,87.736,14.601
345.703,87.701,14.680
346.517,87.686,14.724
347.319,87.665,14.766
348.103,87.645,14.785
348.888,87.610,14.830
349.663,87.580,14.879
350.444,87.563,14.915
351.192,87.522,14.964
351.953,87.475,15.021
352.708,87.434,15.079
353.459,87.394,15.098
354.214,87.324,15.120
354.960,87.293,15.156
355.712,87.236,15.200
356.482,87.189,15.229
357.257,87.149,15.246
358.021,87.101,15.297
358.787,87.078,15.332
359.557,87.049,15.374
360.328,87.028,15.413
361.094,86.988,15.468
361.866,86.952,15.503
362.621,86.911,15.552
363.377,86.862,15.594
364.145,86.825,15.630
364.906,86.767,15.675
365.674,86.737,15.718
366.431,86.700,15.715
367.217,86.651,15.756
367.998,86.603,15.801
368.773,86.509,15.842
369.576,86.455,15.891
370.353,86.394,15.959
371.118,86.349,15.973
371.888,86.297,15.996
372.654,86.252,16.042
373.390,86.194,16.158
374.127,86.174,16.203
374.869,86.140,16.209
375.611,86.106,16.239
376.344,86.069,16.284
377.047,86.034,16.329
377.778,85.998,16.361
378.508,85.964,16.408
379.222,85.953,16.456
379.943,85.955,16.486
380.648,85.946,16.558
381.348,85.923,16.580
382.053,85.915,16.640
382.746,85.910,16.680
383.437,85.929,16.729
384.141,85.930,16.770
384.827,85.944,16.808
385.520,85.927,16.854
386.234,85.905,16.892
386.954,85.859,16.948
387.679,85.793,16.978
388.376,85.709,17.033
389.086,85.606,17.062
389.797,85.479,17.106
390.457,85.335,17.150
391.132,85.215,17.195
391.796,85.037,17.240
392.435,84.869,17.292
393.082,84.678,17.338
393.746,84.477,17.376
394.374,84.250,17.423
395.022,84.004,17.451
395.656,83.763,17.479
396.306,83.500,17.525
396.931,83.188,17.539
397.559,82.887,17.566
398.168,82.569,17.605
398.762,82.203,17.631
399.336,81.846,17.646
399.905,81.456,17.708
400.472,81.053,17.669
401.029,80.647,17.717
401.562,80.193,17.764
402.059,79.761,17.803
402.553,79.268,17.802
402.980,78.776,17.817
403.407,78.262,17.839
403.830,77.775,17.875
404.216,77.240,17.882
404.587,76.680,17.911
404.949,76.080,17.910
405.294,75.486,17.930
405.552,74.861,17.948
405.836,74.281,17.937
406.102,73.654,17.951
406.329,72.971,17.949
406.522,72.306,17.961
406.681,71.621,17.935
406.819,70.921,17.946
406.918,70.226,17.930
406.966,69.553,17.918
406.998,68.836,17.922
406.991,68.125,17.890
406.994,67.478,17.894
406.933,66.806,17.864
406.882,66.084,17.858
406.787,65.395,17.809
406.680,64.697,17.789
406.550,63.994,17.755
406.382,63.322,17.728
406.199,62.646,17.675
406.014,61.962,17.646
405.771,61.320,17.602
405.549,60.674,17.599
405.308,60.003,17.584
405.018,59.423,17.535
404.794,58.782,17.478
404.470,58.166,17.432
404.154,57.559,17.412
403.795,56.940,17.393
403.212,56.000,17.064
402.871,55.305,17.216
402.435,54.734,17.127
402.041,54.169,17.104
401.618,53.600,17.040
401.188,53.001,17.001
400.772,52.396,16.976
400.324,51.831,16.904
399.872,51.241,16.849
399.457,50.697,16.869
399.024,50.154,16.697
398.540,49.607,16.738
398.041,49.040,16.646
397.550,48.487,16.582
397.012,47.924,16.538
396.515,47.374,16.500
395.966,46.825,16.439
395.438,46.266,16.377
394.875,45.744,16.352
394.373,45.205,16.253
393.816,44.695,16.201
393.305,44.186,16.109
392.763,43.690,16.083
392.277,43.162,16.036
391.716,42.641,15.981
391.166,42.096,15.931
390.627,41.600,15.890
390.086,41.084,15.830
389.568,40.593,15.775
389.016,40.103,15.710
388.476,39.598,15.636
387.919,39.090,15.570
387.363,38.558,15.503
386.832,38.027,15.446
386.281,37.496,15.383
385.752,36.986,15.333
385.218,36.503,15.280
384.648,35.982,15.191
384.013,35.461,15.156
383.437,34.941,15.129
382.855,34.391,15.060
382.321,33.877,15.004
381.802,33.360,14.940
381.259,32.804,14.863
380.724,32.281,14.820
380.189,31.760,14.743
379.655,31.233,14.677
379.110,30.676,14.614
378.572,30.143,14.562
378.052,29.608,14.537
377.503,29.081,14.467
376.941,28.588,14.361
376.397,28.079,14.310
375.834,27.520,14.237
375.295,26.967,14.176
374.750,26.429,14.111
374.194,25.862,14.025
373.591,25.311,13.963
373.012,24.731,13.888
372.463,24.169,13.831
371.926,23.631,13.778
371.340,23.086,13.690
370.777,22.572,13.617
370.210,22.065,13.567
369.650,21.548,13.507
369.088,21.023,13.460
368.545,20.509,13.391
367.976,20.012,13.322
367.391,19.499,13.274
366.814,18.975,13.226
366.234,18.490,13.170
365.648,17.954,13.093
365.076,17.454,12.995
364.496,16.929,13.004
363.851,16.433,12.776
363.298,15.919,12.871
362.703,15.419,12.750
362.134,14.937,12.688
361.580,14.516,12.679
360.973,13.997,12.608
360.358,13.471,12.538
359.756,12.953,12.470
359.165,12.454,12.395
358.563,11.967,12.350
357.992,11.479,12.329
357.426,11.008,12.245
356.858,10.543,12.112
356.289,10.079,12.074
355.788,9.646,12.014
355.220,9.176,11.970
354.700,8.786,11.881
354.199,8.377,11.852
353.664,7.921,11.801
353.145,7.459,11.713
352.607,7.023,11.673
352.052,6.549,11.623
351.507,6.073,11.566
350.973,5.580,11.515
350.414,5.080,11.451
349.820,4.569,11.410
349.241,4.086,11.365
348.654,3.573,11.292
348.073,3.058,11.254
347.506,2.535,11.189
346.907,2.023,11.139
346.333,1.510,11.059
345.755,1.009,11.010
345.164,0.492,10.942
344.578,-0.017,10.906
344.000,-0.510,10.831
343.418,-1.022,10.797
342.842,-1.544,10.727
342.276,-2.062,10.695
341.713,-2.569,10.600
341.138,-3.095,10.546
340.587,-3.600,10.518
340.030,-4.098,10.461
339.455,-4.584,10.398
338.902,-5.065,10.334
338.301,-5.539,10.261
337.703,-6.019,10.199
337.088,-6.515,10.144
336.510,-6.999,10.095
335.966,-7.474,10.039
335.405,-7.966,9.976
334.870,-8.437,9.923
334.345,-8.915,9.864
333.847,-9.385,9.840
333.320,-9.844,9.789
332.812,-10.311,9.749
332.295,-10.770,9.728
331.737,-11.238,9.675
331.191,-11.715,9.638
330.628,-12.174,9.581
330.136,-12.657,9.604
329.621,-13.105,9.579
329.096,-13.576,9.450
328.575,-14.051,9.466
328.015,-14.540,9.380
327.484,-15.028,9.326
326.900,-15.577,9.186
326.317,-16.027,9.181
325.823,-16.550,9.081
325.245,-17.038,8.978
324.674,-17.500,8.990
324.108,-17.946,8.893
323.532,-18.435,8.825
322.965,-18.929,8.786
322.387,-19.433,8.733
321.775,-19.954,8.667
321.164,-20.481,8.616
320.530,-21.018,8.554
319.878,-21.562,8.479
319.231,-22.117,8.439
318.581,-22.667,8.375
317.911,-23.218,8.346
317.271,-23.737,8.265
316.626,-24.313,8.168
315.987,-24.849,8.104
315.345,-25.393,8.080
314.724,-25.957,8.006
314.098,-26.511,7.961
313.484,-27.099,7.900
312.861,-27.654,7.848
312.233,-28.197,7.810
311.604,-28.745,7.754
311.004,-29.301,7.711
310.388,-29.875,7.662
309.750,-30.419,7.623
309.112,-30.977,7.561
308.489,-31.554,7.502
307.895,-32.096,7.444
307.297,-32.655,7.397
306.714,-33.177,7.325
306.122,-33.704,7.303
305.557,-34.233,7.308
304.991,-34.741,7.208
304.429,-35.233,7.169
303.863,-35.753,7.112
303.276,-36.248,7.071
302.694,-36.735,7.041
302.123,-37.242,6.991
301.527,-37.738,6.967
300.947,-38.219,6.876
300.354,-38.726,6.868
299.771,-39.209,6.788
299.195,-39.717,6.739
298.609,-40.192,6.714
298.023,-40.682,6.660
297.441,-41.177,6.614
296.853,-41.664,6.575
296.268,-42.153,6.525
295.671,-42.653,6.489
295.091,-43.141,6.453
294.510,-43.624,6.381
293.919,-44.131,6.382
293.366,-44.631,6.310
292.782,-45.141,6.281
292.180,-45.648,6.198
291.601,-46.152,6.144
291.002,-46.650,6.140
290.421,-47.143,6.104
289.827,-47.638,6.049
289.240,-48.128,6.014
288.656,-48.606,5.977
288.078,-49.100,5.936
287.489,-49.584,5.885
286.893,-50.067,5.822
286.291,-50.570,5.764
285.723,-51.046,5.731
285.138,-51.531,5.667
284.566,-52.004,5.638
283.986,-52.479,5.605
283.423,-52.967,5.585
282.875,-53.438,5.562
282.289,-53.932,5.510
281.663,-54.425,5.480
281.065,-54.901,5.390
280.438,-55.325,5.304
279.994,-55.880,5.211
279.495,-56.005,5.241
278.862,-56.383,5.253
278.205,-56.742,5.201
277.524,-57.061,5.160
276.840,-57.423,5.110
276.096,-57.829,5.001
275.490,-58.160,5.042
274.785,-58.482,4.962
274.093,-58.734,4.944
273.340,-58.949,4.896
272.592,-59.160,4.912
271.851,-59.391,4.892
271.114,-59.595,4.799
270.385,-59.750,4.785
269.636,-59.869,4.720
268.902,-59.989,4.682
268.137,-60.090,4.668
267.379,-60.148,4.619
266.610,-60.212,4.574
265.816,-60.278,4.571
265.046,-60.356,4.501
264.253,-60.459,4.468
263.475,-60.539,4.416
262.708,-60.603,4.400
261.922,-60.690,4.370
261.144,-60.762,4.311
260.331,-60.827,4.273
259.525,-60.886,4.247
258.723,-60.930,4.166
257.937,-61.008,4.090
257.152,-61.039,4.123
256.361,-61.107,4.054
255.573,-61.174,3.943
254.812,-61.262,3.952
254.055,-61.290,3.979
253.260,-61.388,3.865
252.465,-61.483,3.794
251.635,-61.541,3.772
250.828,-61.632,3.727
250.016,-61.706,3.691
249.201,-61.769,3.650
248.404,-61.878,3.558
247.587,-61.955,3.565
246.778,-62.048,3.469
245.973,-62.122,3.459
245.204,-62.201,3.426
244.413,-62.276,3.373
243.626,-62.348,3.326
242.821,-62.437,3.286
242.036,-62.515,3.260
241.278,-62.585,3.206
240.518,-62.663,3.140
239.760,-62.722,3.103
238.992,-62.794,3.104
238.277,-62.844,3.069
237.548,-62.895,3.015
236.880,-62.954,2.994
236.216,-63.008,2.965
235.592,-63.059,2.929
234.989,-63.121,2.899
234.421,-63.174,2.861
233.704,-63.234,2.814
233.097,-63.285,2.790
232.575,-63.318,2.768
232.010,-63.352,2.696
231.478,-63.383,2.704
230.788,-63.426,2.679
230.257,-63.456,2.640
229.735,-63.485,2.642
229.166,-63.520,2.617
228.593,-63.553,2.569
227.989,-63.579,2.517
227.353,-63.615,2.461
226.737,-63.636,2.439
226.087,-63.659,2.449
225.417,-63.703,2.361
224.345,-63.734,2.300
223.650,-63.733,2.257
223.061,-63.761,2.260
222.539,-63.770,2.165
221.783,-63.770,2.227
221.159,-63.781,2.210
220.575,-63.798,2.161
219.992,-63.807,2.158
219.459,-63.803,2.135
218.937,-63.809,2.117
218.403,-63.828,2.089
217.883,-63.851,2.079
217.381,-63.860,2.058
216.651,-63.891,2.076
215.947,-63.938,2.050
215.435,-63.974,1.970
214.886,-64.008,1.956
214.371,-64.041,1.932
213.848,-64.087,1.933
213.133,-64.154,1.854
212.431,-64.252,1.815
211.722,-64.327,1.812
211.031,-64.409,1.753
210.359,-64.470,1.729
209.729,-64.549,1.682
209.097,-64.642,1.660
208.478,-64.690,1.661
207.876,-64.788,1.623
207.246,-64.841,1.536
206.613,-64.941,1.535
205.928,-65.063,1.530
205.413,-65.148,1.493
204.664,-65.277,1.484
204.145,-65.367,1.477
203.620,-65.438,1.455
203.075,-65.521,1.443
202.511,-65.605,1.422
201.937,-65.693,1.404
201.324,-65.825,1.385
200.722,-65.905,1.376
200.150,-65.982,1.335
199.585,-66.100,1.336
199.068,-66.171,1.369
198.514,-66.265,1.371
197.948,-66.377,1.332
197.388,-66.426,1.363
196.811,-66.508,1.335
196.251,-66.592,1.373
195.595,-66.674,1.357
194.970,-66.770,1.330
194.376,-66.815,1.279
193.798,-66.898,1.289
193.214,-66.966,1.228
192.203,-67.024,1.083
191.685,-67.133,1.170
191.106,-67.180,1.106
190.468,-67.257,1.131
189.810,-67.300,0.929
189.251,-67.364,1.084
188.641,-67.375,1.062
188.040,-67.419,1.012
187.409,-67.494,0.984
186.856,-67.501,0.979
186.269,-67.488,0.938
185.695,-67.465,0.929
185.132,-67.417,0.914
184.591,-67.394,0.808
184.078,-67.370,0.816
183.354,-67.276,0.723
182.852,-67.228,0.761
182.114,-67.144,0.695
181.612,-67.066,0.683
181.040,-66.991,0.607
180.516,-66.893,0.580
179.948,-66.798,0.598
179.416,-66.739,0.558
178.884,-66.693,0.549
178.346,-66.616,0.494
177.835,-66.549,0.485
177.299,-66.509,0.461
176.791,-66.468,0.477
176.294,-66.404,0.417
175.545,-66.317,0.380
175.045,-66.235,0.390
174.301,-66.114,0.364
173.597,-66.010,0.311
172.881,-65.897,0.285
172.214,-65.800,0.250
171.590,-65.644,0.228
170.977,-65.601,0.244
170.407,-65.514,0.231
169.849,-65.434,0.195
169.212,-65.324,0.201
168.619,-65.201,0.182
168.086,-65.118,0.168
167.507,-65.020,0.158
166.994,-64.941,0.143
166.492,-64.848,0.122
165.904,-64.769,0.115
165.362,-64.679,0.101
164.867,-64.583,0.094
164.278,-64.488,0.077
163.686,-64.401,0.056
163.160,-64.311,0.046
162.589,-64.223,0.050
161.972,-64.150,0.030
161.301,-64.065,0.023
160.573,-63.969,0.011
160.058,-63.900,0.005
159.554,-63.826,-0.005
159.017,-63.768,-0.021
158.447,-63.701,-0.039
157.862,-63.640,-0.049
157.252,-63.580,-0.058
156.628,-63.516,-0.050
155.986,-63.439,-0.072
155.310,-63.355,-0.092
154.566,-63.313,-0.205
153.926,-63.220,-0.125
153.210,-63.149,-0.134
152.503,-63.076,-0.152
151.776,-62.996,-0.175
151.012,-62.938,-0.174
150.239,-62.854,-0.233
149.459,-62.790,-0.237
148.656,-62.719,-0.210
147.858,-62.628,-0.291
147.115,-62.594,-0.221
146.286,-62.504,-0.322
145.474,-62.431,-0.370
144.693,-62.364,-0.329
143.922,-62.266,-0.356
143.127,-62.148,-0.383
142.319,-62.025,-0.399
141.532,-61.933,-0.472
140.712,-61.830,-0.422
139.743,-61.716,-0.583
139.094,-61.589,-0.479
138.277,-61.462,-0.608
137.504,-61.315,-0.476
136.695,-61.133,-0.477
135.896,-61.001,-0.478
135.104,-60.826,-0.493
134.279,-60.662,-0.499
133.479,-60.503,-0.507
132.643,-60.349,-0.531
131.849,-60.200,-0.530
131.030,-60.053,-0.595
130.237,-59.899,-0.627
129.415,-59.755,-0.602
128.617,-59.613,-0.634
127.798,-59.485,-0.641
127.004,-59.366,-0.662
126.160,-59.270,-0.662
125.320,-59.173,-0.702
124.516,-59.058,-0.675
123.689,-58.915,-0.685
122.777,-58.770,-0.752
122.014,-58.674,-0.732
121.195,-58.559,-0.737
120.349,-58.461,-0.762
119.504,-58.361,-0.775
118.655,-58.252,-0.774
117.809,-58.165,-0.785
116.937,-58.076,-0.770
116.075,-57.974,-0.827
115.224,-57.889,-0.782
114.362,-57.789,-0.790
113.521,-57.732,-0.862
112.635,-57.698,-0.833
111.754,-57.685,-0.885
110.884,-57.684,-0.883
110.038,-57.661,-0.906
109.220,-57.638,-0.898
108.311,-57.645,-0.945
107.442,-57.633,-0.946
106.580,-57.639,-0.969
105.672,-57.658,-0.994
104.781,-57.680,-1.018
103.903,-57.710,-1.020
103.013,-57.740,-1.043
102.159,-57.758,-1.051
101.282,-57.788,-1.084
100.416,-57.820,-1.084
99.558,-57.872,-1.108
98.694,-57.935,-1.109
97.812,-57.987,-1.140
96.948,-58.043,-1.146
96.067,-58.084,-1.183
95.183,-58.151,-1.203
94.295,-58.219,-1.241
93.436,-58.276,-1.276
92.731,-58.343,-1.263
92.078,-58.387,-1.323
91.260,-58.476,-1.314
90.390,-58.566,-1.322
89.554,-58.658,-1.378
88.672,-58.749,-1.408
87.799,-58.839,-1.417
86.940,-58.927,-1.438
86.079,-59.023,-1.460
85.228,-59.110,-1.486
84.360,-59.192,-1.496
83.498,-59.265,-1.518
82.637,-59.341,-1.543
81.760,-59.411,-1.560
80.897,-59.489,-1.574
80.050,-59.556,-1.605
79.216,-59.621,-1.612
78.338,-59.693,-1.607
77.484,-59.746,-1.614
76.650,-59.802,-1.657
75.830,-59.859,-1.678
74.971,-59.917,-1.741
74.200,-59.969,-1.765
73.629,-60.041,-1.740
73.016,-60.098,-1.804
72.430,-60.156,-1.755
71.833,-60.214,-1.887
71.311,-60.292,-1.730
70.799,-60.333,-1.773
70.158,-60.409,-1.794
69.655,-60.481,-1.814
69.144,-60.538,-1.802
68.645,-60.589,-1.793
68.126,-60.648,-1.823
67.610,-60.708,-1.838
67.077,-60.758,-1.826
66.577,-60.831,-1.850
65.977,-60.891,-1.864
65.476,-60.955,-2.055
64.822,-61.019,-1.877
64.131,-61.092,-1.906
63.434,-61.156,-1.907
62.666,-61.225,-1.922
62.134,-61.251,-1.931
61.571,-61.301,-1.958
60.991,-61.332,-1.953
60.351,-61.364,-1.952
59.743,-61.404,-1.984
59.094,-61.441,-1.987
58.475,-61.481,-2.007
57.830,-61.533,-2.011
57.130,-61.576,-2.008
56.418,-61.619,-2.039
55.703,-61.668,-2.038
54.963,-61.729,-2.073
54.252,-61.804,-2.060
53.480,-61.861,-2.110
52.714,-61.923,-2.094
51.942,-62.001,-2.134
51.196,-62.087,-2.111
50.469,-62.172,-2.127
49.719,-62.262,-2.140
48.956,-62.342,-2.163
48.217,-62.433,-2.179
47.405,-62.510,-2.193
46.617,-62.596,-2.233
45.811,-62.673,-2.243
44.980,-62.758,-2.251
44.129,-62.831,-2.275
43.395,-62.888,-2.253
42.593,-62.955,-2.311
41.805,-63.034,-2.300
41.023,-63.086,-2.292
40.215,-63.155,-2.311
39.462,-63.237,-2.337
38.673,-63.299,-2.345
37.914,-63.359,-2.334
37.264,-63.450,-2.470
36.660,-63.482,-2.384
35.857,-63.577,-2.402
35.098,-63.660,-2.392
34.356,-63.738,-2.405
33.603,-63.821,-2.435
32.829,-63.917,-2.435
32.062,-64.023,-2.439
31.295,-64.090,-2.448
30.549,-64.189,-2.462
29.808,-64.275,-2.489
29.020,-64.344,-2.487
28.239,-64.426,-2.484
27.488,-64.493,-2.533
26.770,-64.563,-2.513
26.029,-64.638,-2.531
25.290,-64.688,-2.541
24.565,-64.752,-2.548
23.857,-64.748,-2.540
23.133,-64.757,-2.559
22.451,-64.731,-2.568
21.794,-64.682,-2.591
21.130,-64.647,-2.578
20.498,-64.565,-2.561
19.834,-64.468,-2.588
19.198,-64.349,-2.587
18.575,-64.214,-2.568
17.945,-64.096,-2.585
17.343,-63.972,-2.561
16.721,-63.853,-2.590
16.114,-63.710,-2.525
15.516,-63.483,-2.531
14.966,-63.260,-2.529
14.398,-63.024,-2.495
13.883,-62.709,-2.507
13.396,-62.392,-2.488
12.945,-62.095,-2.446
12.558,-61.775,-2.431
12.039,-61.280,-2.457
11.538,-60.779,-2.407
11.153,-60.436,-2.427
10.822,-60.015,-2.370
10.458,-59.606,-2.330
10.117,-59.185,-2.338
9.793,-58.791,-2.291
9.547,-58.355,-2.284
9.311,-57.900,-2.272
9.113,-57.376,-2.240
8.927,-56.643,-2.230
8.775,-56.033,-2.204
8.639,-55.398,-2.173
8.518,-54.758,-2.143
8.414,-54.158,-2.117
8.315,-53.587,-2.098
8.233,-52.982,-2.055
8.173,-52.403,-2.021
8.105,-51.796,-1.980
8.038,-51.160,-1.971
7.969,-50.493,-1.956
7.896,-49.865,-1.927
7.827,-49.235,-1.905
7.765,-48.599,-1.890
7.696,-47.960,-1.862
7.627,-47.308,-1.841
7.561,-46.628,-1.792
7.486,-45.938,-1.745
7.406,-45.216,-1.715
7.744,-44.540,-1.746
7.351,-44.091,-1.698
7.254,-43.337,-1.656
7.163,-42.635,-1.616
7.096,-41.916,-1.556
7.033,-41.146,-1.523
6.962,-40.315,-1.528
6.870,-39.481,-1.453
6.801,-38.699,-1.396
6.707,-37.892,-1.361
6.619,-37.090,-1.328
6.540,-36.273,-1.292
6.463,-35.453,-1.256
6.401,-34.647,-1.230
6.313,-33.814,-1.196
6.234,-33.009,-1.150
6.149,-32.207,-1.125
6.035,-31.680,-1.101
6.040,-30.954,-1.105
5.916,-30.078,-0.925
5.342,-29.200,-0.903
4.716,-29.160,-0.940
4.507,-28.346,-0.872
4.975,-27.634,-0.830
5.592,-27.433,-0.943
4.506,-26.260,-0.836
5.298,-25.310,-0.847
5.340,-24.663,-0.976
5.210,-23.912,-0.815
5.126,-23.104,-0.782
5.021,-22.163,-0.712
4.948,-21.383,-0.731
4.952,-20.849,-0.812
4.824,-20.007,-0.698
4.695,-19.107,-0.680
4.600,-18.266,-0.664
4.512,-17.375,-0.641
4.423,-16.484,-0.592
4.314,-15.603,-0.589
4.214,-14.717,-0.575
4.106,-13.837,-0.536
4.013,-12.949,-0.447
3.954,-12.081,-0.457
3.822,-11.212,-0.361
3.728,-10.340,-0.437
3.625,-9.483,-0.385
3.760,-8.699,-0.489
3.497,-8.101,-0.382
3.401,-7.291,-0.300
3.332,-6.398,-0.294
3.236,-5.533,-0.262
3.149,-4.661,-0.237
2.932,-3.633,-0.149
2.957,-2.849,-0.190
2.843,-1.975,-0.150
2.727,-1.071,-0.122
2.622,-0.157,-0.078
2.535,0.773,-0.065
2.448,1.671,-0.031
2.365,2.531,-0.049
2.293,3.424,-0.020
2.227,4.382,-0.013
2.117,5.321,0.030
2.046,6.213,0.084
1.986,7.104,0.083
1.896,8.024,0.080
1.818,8.959,0.103
1.731,9.902,0.147
1.670,10.749,0.146
1.594,11.665,0.210
1.538,12.636,0.220
1.443,13.586,0.254
1.366,14.468,0.158
1.290,15.320,0.326
1.197,16.166,0.348
1.171,17.029,0.430
1.092,17.973,0.474
1.026,18.812,0.501
1.022,19.752,0.541
0.977,20.756,0.573
0.873,21.692,0.616
1.182,22.584,0.509
0.768,22.976,0.602
0.658,23.886,0.643
0.557,24.906,0.689
0.507,25.432,0.730
0.439,26.403,0.749
0.353,27.351,0.796
0.252,28.143,0.805
0.134,29.087,0.818
0.044,29.937,0.875
-0.094,30.747,0.899
-0.186,31.568,0.919
-0.300,32.474,0.977
-0.420,33.427,0.974
-0.523,34.298,1.019
-0.624,35.271,1.059
-0.710,35.940,1.067
-0.812,36.781,1.093
-0.927,37.616,1.118
-1.100,38.553,1.144
-1.215,39.561,1.197
-1.926,40.444,1.192
-1.563,40.985,1.239
-1.471,41.808,1.247
-1.492,42.409,1.208
-1.516,43.100,1.250
-1.579,43.685,1.289
-1.635,44.599,1.348
-1.666,45.469,1.392
-1.750,46.405,1.521
-2.187,48.086,1.536
-2.134,50.469,1.647
-2.321,53.538,1.844
-2.353,54.288,1.835
-2.408,55.229,1.874
-2.474,56.130,1.929
-2.550,57.040,1.981
-2.612,57.934,2.027
-2.659,58.846,2.036
-2.719,59.798,2.090
-2.763,60.710,2.134
-2.832,61.621,2.116
-2.899,62.511,2.209
-2.970,63.419,2.259
-3.034,64.311,2.265
-3.121,65.221,2.341
-3.177,66.125,2.402
-3.244,67.046,2.435
-3.306,67.971,2.484
-3.385,68.865,2.502
-3.464,69.770,2.549
-3.546,70.695,2.603
-3.630,71.615,2.630
-3.709,72.498,2.706
-3.779,73.381,2.735
-3.874,74.280,2.799
-3.939,75.212,2.828
-4.011,76.150,2.857
-4.099,77.022,2.926
-4.187,77.916,2.952
-4.278,78.851,2.989
-4.381,79.802,3.055
-4.436,80.687,3.086
-4.531,81.595,3.152
-4.578,82.348,3.156
-4.632,83.095,3.180
-4.693,83.879,3.279
-4.767,84.747,3.329
-4.863,85.653,3.377
-4.950,86.558,3.437
-5.021,87.489,3.491
-5.098,88.413,3.498
-5.167,89.324,3.572
-5.227,90.222,3.638
-5.301,91.133,3.668
-5.376,92.042,3.690
-5.452,92.934,3.773
-5.515,93.818,3.837
-5.588,94.718,3.854
-5.623,95.671,3.910
-5.688,96.590,3.961
-5.762,97.460,4.029
-5.821,98.359,4.133
-5.882,99.249,4.153
-5.924,100.169,4.245
-6.005,101.094,4.273
-6.086,101.972,4.321
-6.162,102.849,4.411
-6.230,103.770,4.464
-6.313,104.660,4.562
-6.411,105.569,4.565
-6.506,106.494,4.646
-6.559,107.356,4.773
-6.624,108.269,4.749
-6.705,109.156,4.838
-6.770,110.097,4.886
-6.831,110.996,4.984
-6.898,111.819,5.047
-6.952,112.494,5.036
-6.963,113.097,5.175
-6.988,113.942,5.226
-6.992,114.783,5.260
-6.998,115.626,5.303
-7.035,116.421,5.360
-7.001,116.960,5.357
-6.965,117.607,5.461
-6.876,118.389,5.494
-6.750,119.244,5.549
-6.597,120.020,5.595
-6.428,120.844,5.681
-6.255,121.641,5.714
-6.082,122.441,5.750
-5.884,123.225,5.834
-5.649,123.975,5.918
-5.453,124.658,5.876
-5.266,125.195,5.951
-5.042,125.855,6.053
-4.894,126.339,5.936
-4.589,126.938,6.052
-4.199,127.657,6.113
-3.796,128.260,6.122
-3.578,128.789,6.174
-3.155,129.465,6.200
-2.790,130.013,6.253
-2.307,130.640,6.305
-1.791,131.285,6.366
-1.280,131.897,6.377
-0.764,132.479,6.460
-0.211,133.044,6.481
0.334,133.552,6.511
0.909,134.063,6.532
1.496,134.517,6.583
2.104,134.932,6.578
2.720,135.320,6.589
3.310,135.701,6.613
3.937,136.077,6.592
4.633,136.439,6.645
5.412,136.847,6.680
6.148,137.162,6.672
6.890,137.425,6.631
7.612,137.613,6.700
8.384,137.803,6.730
9.155,137.974,6.741
9.900,138.122,6.746
10.655,138.254,6.745
11.377,138.381,6.751
12.126,138.498,6.778
12.900,138.602,6.760
13.712,138.715,6.785
14.503,138.820,6.789
15.319,138.895,6.790
16.100,138.946,6.790
16.877,138.998,6.765
17.633,139.049,6.757
18.433,139.084,6.745
19.144,139.103,6.738
19.905,139.123,6.718
20.648,139.134,6.719
21.377,139.156,6.694
22.127,139.184,6.694
22.873,139.200,6.702
23.606,139.231,6.693
24.336,139.251,6.694
25.057,139.273,6.692
25.746,139.289,6.700
26.390,139.296,6.586
27.176,139.305,6.664
27.872,139.306,6.678
28.580,138.969,6.572
29.217,139.204,6.707
29.836,139.159,6.695
30.467,139.113,6.696
31.112,139.043,6.667
31.757,139.011,6.647
32.329,138.954,6.686
32.932,138.850,6.693
33.488,138.764,6.652
34.075,138.701,6.626
34.631,138.597,6.655
35.181,138.483,6.635
35.696,138.380,6.600
36.301,138.285,6.576
36.897,138.179,6.604
37.453,138.050,6.604
38.006,137.942,6.557
38.564,137.856,6.571
39.163,137.810,6.569
39.739,137.761,6.561
40.281,137.718,6.560
40.800,137.682,6.564
41.312,137.642,6.527
42.045,137.599,6.511
42.582,137.632,6.533
43.284,137.693,6.550
43.972,137.784,6.556
44.658,137.891,6.548
45.266,138.017,6.568
45.831,138.199,6.574
46.375,138.382,6.602
46.903,138.554,6.608
47.425,138.713,6.632
47.988,138.914,6.672
48.465,139.093,6.690
48.942,139.276,6.706
