"x","y"
31.7097238339327,-6.624149070007
32.3898064879567,-6.78966168091655
33.0728763058246,-6.94206358817807
33.7506788782388,-7.11685104062719
34.4264958938611,-7.29742539939255
35.1086865101974,-7.45350773376551
35.7823488745124,-7.64273775326183
36.461077655439,-7.81308662093037
37.1408537069727,-7.9796800864126
37.8190251600648,-8.15281231535332
38.494148839293,-8.33765808287356
39.1652994461582,-8.53630545991362
39.8368588705192,-8.73301606605255
40.5152082167605,-8.90547527909225
41.18538148777,-9.10735127950028
41.8466081650838,-9.33694672994182
42.5130734541063,-9.55050750321659
43.1676036304614,-9.79824033576123
43.8233425158305,-10.0425181801175
44.4726313856057,-10.3038495828652
45.1140933566729,-10.5838731853046
45.7560617280077,-10.8628641107268
46.3924650067517,-11.154051283492
47.015042369883,-11.4739573223641
47.6343946798944,-11.8001169850861
48.2545804554954,-12.1246963257434
48.8686861051265,-12.4602739338281
49.4862576747646,-12.7891951985821
50.093599650396,-13.1365282022249
50.6884556674577,-13.5052995570069
51.2767238159736,-13.8844991760058
51.8608487600553,-14.2699934958319
52.4429430737527,-14.6585025408197
53.0106234801977,-15.0679186023628
53.5595222933846,-15.5022143086952
54.1188644369455,-15.9229549815164
54.667933851739,-16.3570178657735
55.2137086604224,-16.7952945340526
55.7653527713649,-17.2261234129976
56.3106279967403,-17.6646987791072
56.8560195661211,-18.1032084865862
57.402744109712,-18.54017261201
57.9504828518878,-18.9759063906667
58.4823878442766,-19.430898290762
59.0260937315519,-19.8716424625431
59.5660085257287,-20.3168111607093
60.1136298308164,-20.7526774876761
60.6559579062472,-21.1949461895381
61.2044531198008,-21.6296951289651
61.7528036314628,-22.064033921888
62.3127051917651,-22.4827040912763
62.8576311839659,-22.9217872464347
63.4030046187105,-23.3604233464995
63.9521024366378,-23.7941048376871
64.4972261267706,-24.2331750360299
65.0412613570709,-24.6734643351155
65.5975884737518,-25.0974455298349
66.1660466327923,-25.5048296623315
66.7357209691596,-25.9102157730698
67.312668389659,-26.3045613179583
67.9002162490481,-26.6848752271848
68.4861952097329,-27.0658874762751
69.0856805514027,-27.4265264492641
69.6917994765354,-27.7727531831131
70.305764423595,-28.1061501727002
70.9346653743852,-28.4119699793867
71.569954779001,-28.7007033879181
72.2162655650437,-28.9693643075452
72.8639452032822,-29.2290878047903
73.5232917097305,-29.4560788292739
74.1874234531524,-29.6691820821677
74.8610381534212,-29.8589575310091
75.5329815038238,-30.0513037151307
76.2082468876444,-30.2297760902938
76.8922753199018,-30.3775377054543
77.5764304706494,-30.5186134072351
78.2668516083293,-30.6314815383821
78.9611584322359,-30.7125798305637
79.6562519205601,-30.7916640346794
80.3556521879847,-30.8204806679608
81.0535573010606,-30.799367798897
81.7529477867568,-30.778665828155
82.4481952667081,-30.7073076097577
83.1455551392572,-30.6498787599806
83.8386791879123,-30.5528053577909
84.5315555948782,-30.455990954844
85.2229715715193,-30.3476924846099
85.9129988819706,-30.230184796037
86.5969561937157,-30.082094009205
87.276258541068,-29.9136653613543
87.9551951282337,-29.7434816146158
88.6335940258714,-29.5711662590631
89.3055055551961,-29.3755447726347
89.9664165256855,-29.1460034726164
90.6246114667629,-28.9081112275219
91.275825701183,-28.651645703084
91.9192913918326,-28.3775768831365
92.5546133558279,-28.0841657594638
93.1900126758375,-27.7907661668315
93.8067961129186,-27.4601239926133
94.4154731234192,-27.115092964383
95.0329857081699,-26.7856505189922
95.6432341447083,-26.4428885042238
96.2602311384968,-26.1131066649075
96.8655795275969,-25.7616765684028
97.4827010884281,-25.4314432628813
98.0980292074268,-25.0977964829554
98.7176966752662,-24.7724419935636
99.3338270715522,-24.4403191848663
99.9575119120541,-24.1229505224409
100.576028897348,-23.7952164461537
101.200963224214,-23.4818478688886
101.829651734782,-23.1770831037166
102.439825987667,-22.8340742208714
103.065208727044,-22.5198038072386
103.696290275978,-22.2171429615737
104.318938918743,-21.897307918758
104.937319682836,-21.5693336728947
105.554441255768,-21.2390432411442
106.170588596802,-20.9071441703044
106.794120311994,-20.5894526347347
107.420836354236,-20.2777553152335
108.040359072728,-19.9521321198224
108.657976877736,-19.6228741781519
109.260479466571,-19.2666092297046
109.873319279083,-18.9284696547724
110.48911364777,-18.595624536088
111.097545038523,-18.2497288433813
111.701171269915,-17.8956735080136
112.318593195864,-17.5659645956299
112.931951298223,-17.2288383075627
113.545408658667,-16.8918257604188
114.154276421116,-16.5464854157227
114.763496838519,-16.2017837149517
115.374682593382,-15.8608279126546
115.997351316025,-15.5411416344645
116.614907412289,-15.2116651194007
117.228527815141,-14.8748400150541
117.842091951625,-14.5378966599653
118.460852031885,-14.2106202221132
119.08138244108,-13.8869814992805
119.70516806175,-13.5694216864633
120.332865469682,-13.2607620389928
120.959392900918,-12.948916534679
121.585180068582,-12.6353713543649
122.213416637713,-12.3266993081817
122.838149215414,-12.011222529138
123.478106289969,-11.7280644767229
124.125173743805,-11.4613728994503
124.772913861458,-11.1963176481923
125.426793469817,-10.9468259381988
126.088065568985,-10.717261065259
126.752642856787,-10.4974662678156
127.419042176085,-10.2838488634282
128.089916098151,-10.0843983795407
128.758695155669,-9.87775407887764
129.435740541988,-9.70118811525211
130.11764336295,-9.54441427869883
130.800767954134,-9.39193444803722
131.48980907295,-9.26881953713846
132.179117123674,-9.1471246680842
132.87434225834,-9.06554298636137
133.569140905511,-8.98128850652901
134.266932731482,-8.92631774664723
134.963924484728,-8.86222656082912
135.66226922438,-8.81854267907378
136.361478712373,-8.79165639322851
137.060824365055,-8.76148849120687
137.760656154529,-8.75330160063959
138.45988504033,-8.7730110970611
139.157217474884,-8.83362980384089
139.853419729911,-8.90364631515794
140.549931296062,-8.96853141904754
141.24418602373,-9.05731177438124
141.937025052345,-9.15586626877811
142.62869251652,-9.2635061045274
143.313734190854,-9.40736785590185
143.997020328664,-9.55888703525291
144.674895334864,-9.73271331029306
145.347915633294,-9.92486172105428
146.01707936204,-10.1301571568744
146.680966565845,-10.3518026950866
147.337029157637,-10.5956719938119
147.987855927273,-10.8530854783709
148.626097107819,-11.1387979173998
149.262760683958,-11.4293779165606
149.901275570794,-11.7158981486673
150.523657525195,-12.0362182639252
151.143027565137,-12.361991143103
151.753488445716,-12.7033975759726
152.339195059191,-13.0867287142549
152.931301258111,-13.4592267173491
153.495907973507,-13.8728602574721
154.056008347146,-14.2919279707022
154.60593531251,-14.7238957388715
155.153538368488,-15.1597157544103
155.699524398661,-15.5972566258486
156.211516570688,-16.0740415948557
156.725312535592,-16.5487019220662
157.24258092128,-17.0201011408656
157.745168123936,-17.5072900924949
158.248523094083,-17.9936622124203
158.750576463758,-18.4813171205323
159.239980874351,-18.9817672377128
159.747668669078,-19.4631303202281
160.25698878619,-19.9433138005149
160.774585492479,-20.4142285530813
161.296841318568,-20.8800469937686
161.825086566045,-21.3385624704284
162.364207470593,-21.7847840057255
162.915005974154,-22.2157083451727
163.473559821795,-22.6374066855602
164.046999408076,-23.0384378953732
164.631832878322,-23.423089722466
165.246395628161,-23.7578518545994
165.863901840752,-24.0872654654929
166.499198276993,-24.3804900733933
167.15141283361,-24.6340883656401
167.812236591139,-24.8648318941831
168.489583082018,-25.0399174054836
169.172984444493,-25.1894740456687
169.861273766591,-25.3148651643221
170.553061899077,-25.4201298821587
171.246571120369,-25.5114213942322
171.943198676052,-25.5788120799927
172.640807534277,-25.6319568860343
173.340491722744,-25.6525709747856
174.040289041477,-25.6644213071683
174.740249269279,-25.6662546394079
175.43982070497,-25.6862317744732
176.139580759696,-25.6707483485923
176.838434000984,-25.6328664191581
177.537883392815,-25.6102430883262
178.235731200759,-25.5567239590548
178.932320306065,-25.4890063123025
179.627620256755,-25.408129254537
180.320575286117,-25.3093185762357
181.007628975303,-25.1769899202189
181.687807966572,-25.0137453713027
182.361369687969,-24.8266514765195
183.011421700366,-24.5676601649355
183.647173913176,-24.2758529144983
184.250520578323,-23.9211754906293
184.831680800752,-23.5317026995959
185.384637250734,-23.1038949340524
185.906489806485,-22.6386660878275
186.384939374302,-22.128356603141
186.847699906611,-21.6047093838571
187.246921124468,-21.0307288103968
187.598070575819,-20.4257706221384
187.918231546508,-19.80497296883
188.203456077246,-19.1668060410215
188.417168224834,-18.500670179149
188.600688427441,-17.8256628425586
188.773115128757,-17.1475399563388
188.944579007196,-16.4696076481406
189.099523572283,-15.7873920732192
189.250449310968,-15.1047035441398
189.410966629364,-14.4239899121604
189.622343476466,-13.7587315984032
189.841054672548,-13.0943687094365
190.070973947823,-12.4335248922114
190.314864311234,-11.7783672942663
190.557051923393,-11.1218098861385
190.828377449203,-10.4769010664275
191.108439485252,-9.8354945726305
191.417038697536,-9.2080131940845
191.730865351783,-8.58258951392776
192.077093848527,-7.97441787399717
192.430794966169,-7.37153815313961
192.82738393093,-6.79542519927582
193.22103181591,-6.21687782045007
193.632648598814,-5.65078398940068
194.046796644235,-5.08679451950649
194.472619162463,-4.53152504825052
194.914868282943,-3.98910881235195
195.349710904473,-3.44072196821419
195.798260037737,-2.9035539793333
196.244535997474,-2.3643974368508
196.685360233046,-1.82126413161167
197.129915433108,-1.28082153244218
197.571486927315,-0.737819409417438
198.013174458422,-0.194799897457141
198.453880074354,0.349033345365037
198.855440124587,0.922212140824598
199.227787995524,1.51426220336157
199.577367641495,2.12067222087764
199.900163471947,2.74116592425782
200.153833500604,3.39260159182118
200.306632303189,4.07414968856951
200.365448194938,4.77069779499229
200.335642685568,5.46748306099679
200.198126190339,6.15296718728264
199.986101946596,6.81969321199868
199.690875780545,7.45386517639562
199.327730682967,8.05175980683673
198.926868238463,8.62471195795288
198.455702328347,9.14215245407389
197.975161772161,9.65107597729116
197.481347032014,10.147083685682
196.971032032515,10.6260713230045
196.454889555425,11.0988997144337
195.935155567837,11.5678077786038
195.411376633485,12.032172332399
194.891112933933,12.5004427885711
194.369157769023,12.9668006908096
193.846148978412,13.4317788900912
193.327919840546,13.902219574868
192.800586776323,14.3624803014656
192.286791477936,14.8376914099224
191.774508481813,15.3139451620875
191.258953971095,15.7872758511231
190.751051458906,16.2689130879589
190.238109502717,16.7442892647565
189.727823334515,17.2232242267266
189.22377572596,17.708802870019
188.704300826974,18.1778590057173
188.18113563585,18.6428518743169
187.67008844747,19.1212023583422
187.157210804341,19.5975514666693
186.644429110279,20.0738022940765
186.137781289029,20.5567744743404
185.63714344823,21.0453762592587
185.143097267668,21.5412413984027
184.627630440621,22.01432782895
184.110018501504,22.4855684527349
183.610095922386,22.9752794493168
183.101281668514,23.4559885479628
182.593867267278,23.9379505725213
182.094625034097,24.4285368023002
181.595260633995,24.9190557962314
181.088895350639,25.4022384456041
180.597952750267,25.901170058687
180.090871783977,26.383209360493
179.572453889408,26.853449823818
179.069510426988,27.3401787141211
178.545684241773,27.8042900782245
178.034006860782,28.2819043217611
177.53279675623,28.7703399002799
177.018193561925,29.2447651331701
176.502665340653,29.7179774888588
176.00086862979,30.205929229536
175.474989812742,30.6676700797665
174.957313180639,31.1382249913715
174.456231822939,31.6268976588757
173.939574735112,32.0989417297253
173.437106689003,32.5857550896579
172.936505641232,33.0745431497159
172.428720579698,33.5561109690457
171.923478342415,34.0405794968421
171.411242291759,34.517597620476
170.906168408853,35.002244549532
170.386934785059,35.4714853114176
169.881330980544,35.9555902494979
169.37080355787,36.4345012651588
168.851547458322,36.9035335448343
168.340413037313,37.3817910384664
167.828711186294,37.8594333326318
167.318543362247,38.3387221422257
166.809943295587,38.819479582725
166.294985902348,39.2935441103605
165.788859317873,39.7771097093185
165.269047191673,40.2457266096592
164.751496075039,40.7170235574574
164.234037701237,41.1884426192897
163.712863773035,41.6557231568247
163.191115534315,42.1222098589311
162.651033611171,42.5671019437641
162.109830481939,43.0096847932055
161.57600846646,43.4624025002849
161.033774855304,43.9048119790975
160.476878895759,44.3285057082193
159.930850809908,44.7662806783444
159.358282955147,45.1689502216567
158.797900592718,45.588438479334
158.22386749743,45.9886577571627
157.632297408884,46.3628461561496
157.043553429428,46.7414491660995
156.430153544876,47.0784838544849
155.818804606979,47.4192324954474
155.192320280491,47.7314203877722
154.562495253524,48.0365862876063
153.919616854329,48.3135059553681
153.276302460584,48.5893956690805
152.630389145958,48.8588068319445
151.972285569884,49.0969784632792
151.311509632857,49.3279827447468
150.643295700929,49.5364505612589
149.975081342283,49.7448578654444
149.301288044979,49.9341143968743
148.62352902019,50.1087714255247
147.944073604426,50.2760946011984
147.259892173977,50.4236357629852
146.57426474959,50.5643669987132
145.889177396693,50.7072259838841
145.202883935182,50.8450189287853
144.513930941814,50.9680186498418
143.824531753004,51.088720403756
143.133256625989,51.1988911501937
142.441283911503,51.3037475004611
141.75105956411,51.4196773282772
141.058571146219,51.5211990269939
140.365804695907,51.6213888075547
139.673242140187,51.7231407342032
138.981836850092,51.832321616759
138.290129973615,51.9395744658791
137.597557902465,52.041229048297
136.906044163192,52.1498083654666
136.217629745888,52.2765523693635
135.527494265733,52.3930833806548
134.835059023717,52.4955981043546
134.145819292037,52.6174821611283
133.458972350017,52.7525069753804
132.771277004287,52.8831135886319
132.085365469373,53.0224936868258
131.403859561738,53.182331190592
130.728645091975,53.3667664187461
130.055188455651,53.5569002163709
129.383845132057,53.7549195579946
128.7100437479,53.9445484480908
128.038666672215,54.1426176877331
127.370050046325,54.3498358846028
126.707434842417,54.575520354882
126.047107615186,54.8078135325108
125.393571555282,55.0581518034642
124.746508867747,55.3251634059151
124.098151024502,55.5889648538911
123.452523475704,55.8594309088975
122.813763289674,56.1457148045092
122.179943562649,56.4426096745448
121.547011239626,56.7415689643742
120.917406683568,57.0474689714708
120.295414426131,57.3685838788307
119.674793982943,57.6923508111993
119.055405445212,58.0184719465078
118.440829541893,58.3535296056643
117.828364121451,58.6924526617053
117.221479298607,59.041267364225
116.619315191439,59.3979497764774
116.019078034062,59.757772657568
115.422195960453,60.1233075034942
114.8380441101,60.5089198789741
114.262058857752,60.9066931976159
113.694669406008,61.3165015252384
113.132017117182,61.732706630843
112.565134237732,62.1433460861736
112.019352947585,62.5812926532473
111.482255930559,63.0301480373156
110.943182900066,63.476657914015
110.411756198996,63.9322403392449
109.8915339923,64.4004348462816
109.357298408219,64.8524363759058
108.836612049713,65.3201828984034
108.315537588232,65.787424439316
107.801762371604,66.2627336497694
107.272112867187,66.7202414389613
106.735444377682,67.1696426873486
106.180522403649,67.5959290464503
105.629081916862,68.0270993102913
105.085640813738,68.4679596318204
104.531262053914,68.8952699726936
103.976883799476,69.3225786870066
103.403391873828,69.7237018362238
102.841871224407,70.1413690823968
102.26385508933,70.535133417091
101.681976548953,70.9241230754432
101.100944599984,71.314499607926
100.513041702997,71.6943982164067
99.9245925303474,72.0735092011406
99.3306841378441,72.4438871070245
98.7260190628184,72.7964330109831
98.1174550747086,73.1422573059473
97.5100447234015,73.4898795342603
96.8929432452796,73.820202862102
96.2707461403822,74.1405888649493
95.6425180890758,74.4492535656833
95.0105176261703,74.7501878953267
94.3740880320151,75.0413953195231
93.7341756104843,75.3249820709796
93.0867805241528,75.591003704354
92.4327744910894,75.8405181943448
91.7830791243697,76.1009354375467
91.1261683169438,76.3425991402151
90.4636000135313,76.5683971227263
89.7984961501168,76.7866157019971
89.1284325456205,76.989060427462
88.4610422400471,77.2000318994256
87.7915720605578,77.4041727951053
87.1205645943571,77.6030175579755
86.4490278059027,77.7997557400394
85.7797398084007,78.0044835214916
85.1068782303877,78.197094236042
84.4348987355516,78.3918796445377
83.7665798259723,78.5994317091238
83.0956140351842,78.7987128996541
82.4265596431163,79.0045046857772
81.7556062307577,79.2037733451191
81.0856556348371,79.4062478963849
80.4197032139486,79.6216947071832
79.751706257375,79.8308014895266
79.0836562984473,80.039706054924
78.4188056062363,80.2585338501765
77.7494600874354,80.4634125724543
77.0780412108972,80.6607151399922
76.4085288476209,80.863255759392
75.7392426840154,81.0670475048956
75.0705379122361,81.2738187869563
74.4004965751406,81.476382226934
73.730575096911,81.6792125982555
73.0638463566299,81.8922353322815
72.3919046600176,82.088243300237
71.7190543174586,82.2809030731414
71.0486520834793,82.4820453140364
70.3713623240615,82.6583689880949
69.6985455550982,82.849289104198
69.0199443375773,83.0205080468579
68.3401821262319,83.1860066246125
67.6578002560463,83.340211762694
66.9732318631959,83.4859048213251
66.2853571398149,83.6139534412753
65.5966935658231,83.7391846382007
64.9066763429519,83.8569482047576
64.2151375364503,83.9636316818045
63.5238679966592,84.0725961934655
62.8260902039623,84.1257468923621
62.127946190211,84.1743918619314
61.4286121298019,84.2004947553101
60.7301802074047,84.1644391748439
60.0303211387276,84.1544903500405
59.3309850587149,84.1253988466159
58.6345067718477,84.0579968269418
57.9391345197887,83.978414249005
57.2507878682946,83.8537290368773
56.5570377274276,83.7683039108103
55.87585886911,83.610887158643
55.1912452474231,83.465687088471
54.5136886191947,83.2922193848997
53.8535580228111,83.0599269413004
53.1911253764837,82.8338082056525
52.5384559730116,82.5812544342526
51.8992870948515,82.2961646580355
51.2677486200888,81.994418410449
50.6371959237968,81.6906075747483
50.0218113687223,81.3576131420819
49.4277624038475,80.9874923186512
48.8428561493608,80.6029957429359
48.2785293349135,80.1889167245471
47.7366226831154,79.7463730429858
47.2327871058131,79.2613017205132
46.7340886847532,78.7703239915248
46.2486914427782,78.2663815026994
45.7770674816093,77.7492673250581
45.3290595930324,77.2114676746989
44.9009256680283,76.6579203266597
44.4787839508509,76.0996494285241
44.0684386734747,75.5325376576781
43.6696930661699,74.9573615392391
43.300469477747,74.3630003926722
42.9207451620226,73.7753202969096
42.5473164377419,73.183254171753
42.1827659631498,72.585726485959
41.8055703904019,71.9960923421601
41.4458838953057,71.3956554112839
41.0656665272724,70.8079355793975
40.689007959309,70.218122937617
40.3401781704851,69.6113249141735
39.9624336136334,69.0220675213903
39.5811488565753,68.4352665540321
39.2168248572467,67.8375494831593
38.8338665827314,67.2517774680001
38.4605862317315,66.6596203194701
38.085600602694,66.0686541335539
37.7145582718251,65.4751014661641
37.3421297770611,64.8824459026052
36.9655297169869,64.2927342319333
36.5895987803832,63.7022979823233
36.2149056246218,63.1110241745803
35.8515487278863,62.5128578013752
35.4784059297838,61.920643358872
35.0977932420969,61.3332061136765
34.7225834885328,60.7423253196567
34.3394906086382,60.156468965874
33.9501799615084,59.5747200330933
33.5717471405786,58.9859316689123
33.1795117199919,58.4061854437487
32.7732260059427,57.8361854497704
32.3492755277562,57.2792771539768
31.9256545564414,56.7220922779488
31.5256362638319,56.1476775150628
31.1004791572577,55.5915831560202
30.6771595834414,55.0341269341332
30.2323229683353,54.4937061404489
29.7670284959643,53.9708021425203
29.3021704301333,53.4476217421887
28.8348282215315,52.9264981282934
28.3608194713151,52.4114236368774
27.8979367988794,51.8864945857567
27.4071605314735,51.3874313677146
26.9039128752599,50.9009263460994
26.4079326502011,50.4070724126477
25.9031080409639,49.9221517015048
25.3887249208502,49.4474022024505
24.8841154709102,48.9623188347369
24.366210656979,48.4915036855126
23.8520898074166,48.0164533344408
23.3336958257607,47.5461349127838
22.80823618239,47.083688284241
22.2883399260371,46.6151110314239
21.7762996272512,46.1378315438285
21.2644309944561,45.6603702089573
20.7485038764944,45.1872780917253
20.2384280404145,44.7079499501768
19.7295741277225,44.2273130544691
19.2079118274539,43.7605688068962
18.6916807309225,43.2878087132484
18.1779203370245,42.8123651656436
17.6617761481113,42.3395199279245
17.1621740737858,41.8493087223491
16.6652320913947,41.3564637970569
16.1445897555222,40.888590102022
15.6270021576301,40.4173266669803
15.117361321317,39.937938376973
14.6105794527515,39.455127306711
14.0953739735647,38.9812533914037
13.6014113220356,38.4855054212885
13.103005910754,37.9940392213937
12.600297829929,37.5069290736639
12.107365521527,37.0100980468499
11.6265640998422,36.5013755132928
11.1514862292713,35.9874362889507
10.7028530488244,35.4504813177363
10.2657101185467,34.903868531009
9.83667184889153,34.3509306829787
9.41790182530717,33.7900321556929
8.99228130686734,33.2344447438174
8.60240387017315,32.653656144575
8.23103472898925,32.060804807919
7.89391519554851,31.4477567183497
7.57803867613268,30.8231250760704
7.24979930169302,30.204876835719
6.96927855277014,29.563877338327
6.72564400944039,28.9077688150413
6.5128954607913,28.2409807882794
6.32009263083613,27.5680712420577
6.16331392265374,26.8860874837384
6.0220301134775,26.2005656206571
5.90931576647322,25.5099577437416
5.85330416771867,24.8122228100617
5.78552046263775,24.1156939642746
5.77040991356988,23.415880560263
5.76261356146499,22.7159335770703
5.78364252640849,22.0165889709051
5.81849054227382,21.3176662105141
5.85121977087281,20.6185727773285
5.91824697568048,19.9238978757271
5.99248991158279,19.2278752852534
6.07214293519324,18.5325227718665
6.16392799360986,17.840999566611
6.2613180870289,17.1498194918219
6.36628460755423,16.4581543844424
6.49014305178474,15.770987364114
6.59640918321666,15.0791435174964
6.69013220801676,14.38548544408
6.80307792450762,13.6948035603078
6.93139617238064,13.0067255768792
7.03728260241891,12.3148545196855
7.1504125753663,11.6241037819396
7.2634950098203,10.9334311600088
7.36525938901721,10.2410723259381
7.50613884773941,9.55601396699376
7.62830138438687,8.86746333648629
7.76071614178303,8.18085327335985
7.88420950977849,7.49319379518081
8.01914863933711,6.80720267532628
8.18750276419752,6.1287836232799
8.37150637649048,5.46493662741437
8.58008657110143,4.80145327555778
8.80278964029465,4.13928127262567
9.05844169467086,3.48813401763672
9.31798677696781,2.84059471283356
9.64945507252222,2.22624094314852
9.96293678954721,1.60198051255585
10.3416913506525,1.01599572566238
10.8261400136041,0.511431027320993
11.3256039270501,0.021004040998454
11.839470159434,-0.453674727686827
12.4236396635939,-0.838152401556809
13.0411361286116,-1.16519774851718
13.676031892339,-1.45852284235766
14.3240611379742,-1.72183636311026
14.9839472210147,-1.95359703762403
15.6386403444102,-2.20114425079573
16.2986712267008,-2.43379372162758
16.9629701696292,-2.65428697490662
17.6324266117927,-2.85841773293311
18.3010176740997,-3.06518660589017
18.9703576717967,-3.2696044720716
19.6428251293662,-3.46341632448591
20.3028378871206,-3.69554491771914
20.9691148473089,-3.90974520514856
21.6253060993005,-4.152512172362
22.2945890951589,-4.35736235636404
22.9631862354067,-4.56417823786217
23.6335686758816,-4.76522022100869
24.3013652645317,-4.97371934342961
24.9818738044873,-5.13765811813897
25.66727131674,-5.27920452203135
26.3479706160391,-5.44005039197827
27.0292973553729,-5.59877848784384
27.7078817140001,-5.7696621079983
28.3895237897924,-5.92616473774076
29.0737403651801,-6.07260050640569
29.7612425605569,-6.20362212235899
30.4437016236642,-6.35805434127453
31.1301500558847,-6.49374670669167
31.8082669367144,-6.66589504190784
31.9515918459863,-6.6994932139507
31.8649679884035,-6.67813438202798
