"u_a","v_real","v_ref","u_delta","delta_d","px","py","theta1","cte","cte_real","epsi","vx","vy","kappa","beta"
0.2,0,0.04,0.0067,0.0262,23.6145,-83.9234,-3.3472,-0.0728,-0.0728,0.0802,0,0,0.0158,0.0063
0.1999,0,0.08,0,0.0262,23.6143,-83.9181,-3.3478,-0.0777,-0.0777,0.0795,0,0,0.0158,0.0063
0.1999,0.0726,0.12,-0.0067,0.0262,23.6183,-83.9183,-3.3473,-0.0787,-0.0787,0.0801,0,0,0.0158,0.0063
0.2,0.0558,0.16,-0.0134,0.0262,23.6171,-83.9193,-3.3472,-0.0774,-0.0774,0.0802,0,0,0.0158,0.0063
0.2,0,0.2,-0.0201,0.0262,23.6143,-83.9134,-3.348,-0.0823,-0.0823,0.0793,0,0,0.0158,0.0063
0.2,0,0.24,-0.0268,0.0262,23.6137,-83.918,-3.3476,-0.0777,-0.0777,0.0797,0,0,0.0158,0.0063
0.2,0.0684,0.28,-0.0335,0.0262,23.6126,-83.9174,-3.3481,-0.0779,-0.0779,0.0793,0,0,0.0158,0.0063
0.2,0,0.32,-0.0365,0.0262,23.6114,-83.9167,-3.3482,-0.0783,-0.0783,0.0792,0,0,0.0158,0.0063
0.2,0,0.36,-0.039,0.0262,23.616,-83.918,-3.3478,-0.0783,-0.0783,0.0795,0,0,0.0158,0.0063
0.2,0,0.4,-0.0409,0.0262,23.6158,-83.9177,-3.3487,-0.0785,-0.0785,0.0787,0,0,0.0158,0.0063
0.2,0,0.44,-0.0423,0.0262,23.6168,-83.9186,-3.3491,-0.078,-0.078,0.0782,0,0,0.0158,0.0063
0.2,0,0.48,-0.0439,0.0262,23.6189,-83.9228,-3.3483,-0.0746,-0.0746,0.0791,0,0,0.0158,0.0063
0.2,0,0.52,-0.0447,0.0262,23.6151,-83.9178,-3.3491,-0.0783,-0.0783,0.0783,0,0,0.0158,0.0063
0.2,0.0504,0.56,-0.0456,0.0262,23.6204,-83.9208,-3.3483,-0.0769,-0.0769,0.0791,0,0,0.0158,0.0063
0.2,0.0652,0.6,-0.046,0.0262,23.6155,-83.9171,-3.3487,-0.079,-0.079,0.0787,0,0,0.0158,0.0063
0.2,0.0623,0.64,-0.0465,0.0262,23.6137,-83.9195,-3.3484,-0.0763,-0.0763,0.079,0,0,0.0158,0.0063
0.2,0.0623,0.68,-0.0465,0.0262,23.6097,-83.9174,-3.3489,-0.0771,-0.0771,0.0785,0,0,0.0158,0.0063
0.2,0,0.72,-0.0459,0.0262,23.6041,-83.9139,-3.3486,-0.0789,-0.0789,0.0788,0,0,0.0158,0.0063
0.2,0,0.76,-0.0455,0.0262,23.594,-83.9149,-3.3494,-0.0751,-0.0751,0.0779,0,0,0.0158,0.0063
0.2,0.0659,0.8,-0.0446,0.0262,23.582,-83.9119,-3.3502,-0.0746,-0.0746,0.0772,0,0,0.0158,0.0063
0.2,0.0999,0.84,-0.0436,0.0262,23.5665,-83.9097,-3.351,-0.0724,-0.0724,0.0764,0,0,0.0158,0.0063
0.2,0.1243,0.88,-0.0379,0.026,23.5423,-83.902,-3.352,-0.073,-0.073,0.0671,0,0,0.0157,0.0063
0.2,0.1558,0.92,-0.0339,0.026,23.517,-83.8976,-3.3531,-0.0703,-0.0703,0.066,0,0,0.0157,0.0063
0.2,0.2552,0.96,-0.0305,0.026,23.4755,-83.8854,-3.3539,-0.0707,-0.0707,0.0651,0,0,0.0157,0.0063
0.2,0.2559,1,-0.0283,0.026,23.4368,-83.8787,-3.3554,-0.0665,-0.0665,0.0636,0,0,0.0157,0.0063
0.2,0.4334,1.04,-0.0267,0.026,23.398,-83.8712,-3.3574,-0.0631,-0.0631,0.0617,0,0,0.0157,0.0063
0.2,0.3923,1.08,-0.0254,0.026,23.3419,-83.8571,-3.3583,-0.0613,-0.0613,0.0607,0,0,0.0157,0.0063
0.2,0.3957,1.12,-0.0246,0.026,23.2808,-83.8434,-3.3593,-0.0577,-0.0577,0.0597,0,0,0.0157,0.0063
0.2,0.5784,1.16,-0.0232,0.026,23.2093,-83.8213,-3.3611,-0.0594,-0.0594,0.058,0,0,0.0157,0.0063
0.2,0.6263,1.2,-0.0218,0.026,23.1359,-83.8028,-3.3631,-0.0571,-0.0571,0.0559,0,0,0.0157,0.0063
0.2,0.7496,1.24,-0.0187,0.0237,23.0609,-83.7867,-3.3648,-0.0522,-0.0522,0.0459,0,0,0.0143,0.0057
0.2,0.7572,1.28,-0.0146,0.0237,22.9969,-83.7699,-3.3669,-0.0513,-0.0513,0.0438,0,0,0.0143,0.0057
0.2,0.7675,1.32,-0.0118,0.0237,22.9176,-83.7511,-3.3688,-0.0484,-0.0484,0.0419,0,0,0.0143,0.0057
0.2,0.6619,1.36,-0.0098,0.0237,22.8135,-83.7253,-3.3701,-0.0456,-0.0456,0.0407,0,0,0.0143,0.0057
0.2,0.8149,1.4,-0.0078,0.0237,22.7191,-83.6988,-3.3718,-0.046,-0.046,0.039,0,0,0.0143,0.0057
0.2,1.0731,1.44,-0.0067,0.0237,22.6233,-83.6755,-3.373,-0.043,-0.043,0.0377,0,0,0.0143,0.0057
0.2,0.9808,1.48,-0.0036,0.0215,22.5188,-83.6511,-3.374,-0.0394,-0.0394,0.0286,0,0,0.013,0.0052
0.2,0.9861,1.52,0.0004,0.0215,22.4142,-83.6198,-3.3747,-0.0427,-0.0427,0.0279,0,0,0.013,0.0052
0.2,1.0739,1.56,0.003,0.0215,22.3068,-83.5934,-3.3762,-0.0405,-0.0405,0.0264,0,0,0.013,0.0052
0.2,1.0933,1.6,0.0048,0.0215,22.1895,-83.5634,-3.3774,-0.0392,-0.0392,0.0253,0,0,0.013,0.0052
0.2,1.1063,1.64,0.0115,0.0248,22.0704,-83.5354,-3.3778,-0.036,-0.036,0.0169,0,0,0.0149,0.006
0.2,1.2111,1.68,0.0143,0.0248,21.944,-83.5071,-3.3778,-0.0317,-0.0317,0.0169,0,0,0.0149,0.006
0.2,1.2235,1.72,0.0172,0.0248,21.8143,-83.4669,-3.3783,-0.0382,-0.0382,0.0164,0,0,0.0149,0.006
0.1999,1.2956,1.7578,0.018,0.0248,21.6779,-83.4334,-3.378,-0.0364,-0.0364,0.0166,0,0,0.0149,0.006
0.1999,1.3592,1.7892,0.0247,0.0286,21.5366,-83.4028,-3.3773,-0.0316,-0.0316,0.0095,0,0,0.0172,0.0069
0.1999,1.4044,1.8153,0.0271,0.0286,21.3925,-83.3657,-3.3758,-0.0326,-0.0326,0.0109,0,0,0.0172,0.0069
0.1999,1.4472,1.8371,0.0266,0.0286,21.244,-83.3282,-3.3742,-0.0329,-0.0329,0.0126,0,0,0.0172,0.0069
0.1999,1.4884,1.855,0.0319,0.0289,21.0956,-83.2924,-3.372,-0.0323,-0.0323,0.0068,0,0,0.0174,0.007
0.1999,1.5323,1.8697,0.0336,0.0289,20.9338,-83.2452,-3.3694,-0.0401,-0.0401,0.0094,0,0,0.0174,0.007
0.1999,1.5253,1.8823,0.0296,0.0289,20.7624,-83.2118,-3.3671,-0.0323,-0.0323,0.0117,0,0,0.0174,0.007
0.1998,1.6846,1.8907,0.0321,0.0316,20.5874,-83.1794,-3.3636,-0.0234,-0.0234,0.0076,0,0,0.0191,0.0076
0.2,1.7451,1.8969,0.0292,0.0316,20.4079,-83.1427,-3.3604,-0.0183,-0.0183,0.0108,0,0,0.0191,0.0076
0.2,1.7791,1.9016,0.024,0.0316,20.231,-83.1046,-3.3576,-0.0151,-0.0151,0.0136,0,0,0.0191,0.0076
0.2001,1.8312,1.9048,0.02,0.0344,20.0477,-83.0722,-3.3539,-0.0061,-0.0061,0.0096,0,0,0.0207,0.0083
0.2,1.8091,1.9078,0.0133,0.0344,19.8627,-83.034,-3.35,-0.0027,-0.0027,0.0135,0,0,0.0207,0.0083
0.1867,1.8625,1.9095,0.0066,0.033,19.6698,-82.9942,-3.3476,0.0007,0.0007,0.0082,0,0,0.0199,0.008
0.092,1.8908,1.9104,0.0052,0.033,19.4735,-82.9532,-3.3449,0.0023,0.0023,0.0109,0,0,0.0199,0.008
-0.0846,1.9702,1.9097,-0.0015,0.033,19.2808,-82.9214,-3.3434,0.0122,0.0122,0.0124,0,0,0.0199,0.008
-0.1342,2.007,1.9084,0.0005,0.0288,19.0776,-82.874,-3.3428,0.0085,0.0085,0.0084,0,0,0.0174,0.007
-0.0941,1.9541,1.9084,0.0037,0.0288,18.8753,-82.8286,-3.3426,0.0061,0.0061,0.0086,0,0,0.0174,0.007
-0.2,2.0881,1.9057,0.0091,0.0279,18.664,-82.786,-3.3425,0.0082,0.0082,0.004,0,0,0.0168,0.0067
-0.2,2.0743,1.9037,0.0126,0.0279,18.449,-82.7471,-3.3424,0.0138,0.0138,0.0041,0,0,0.0168,0.0067
-0.2,2.1555,1.9003,0.0157,0.0243,18.2371,-82.6979,-3.3422,0.0087,0.0087,-0.0083,0,0,0.0147,0.0059
-0.2,2.1859,1.8967,0.0224,0.0243,18.0368,-82.6599,-3.3422,0.0097,0.0097,-0.0082,0,0,0.0147,0.0059
-0.2,2.1764,1.8939,0.0291,0.0243,17.8275,-82.6088,-3.3405,-0.0004,-0.0004,-0.0066,0,0,0.0147,0.0059
-0.1998,2.0392,1.8944,0.0321,0.0206,17.6077,-82.5661,-3.3391,-0.0023,-0.0023,-0.0185,0,0,0.0124,0.005
-0.2,2.1557,1.8924,0.0388,0.0206,17.4004,-82.5346,-3.3379,0.0036,0.0036,-0.0173,0,0,0.0124,0.005
-0.2,2.2402,1.8998,0.0428,0.018,17.1862,-82.4942,-3.3336,0.0013,0.0013,-0.0211,0,0,0.0108,0.0043
-0.1996,2.0987,1.9081,0.0495,0.018,16.9764,-82.4564,-3.3314,-0.0002,-0.0002,-0.019,0,0,0.0108,0.0043
-0.2,2.1819,1.914,0.046,0.0133,16.7681,-82.4174,-3.3271,-0.0033,-0.0033,-0.0235,0,0,0.008,0.0032
-0.2,2.1334,1.9197,0.0394,0.0133,16.5454,-82.3927,-3.3207,0.0083,0.0083,-0.017,0,0,0.008,0.0032
-0.2,2.1204,1.9247,0.0327,0.0133,16.3179,-82.3606,-3.3156,0.0134,0.0134,-0.012,0,0,0.008,0.0032
-0.1999,2.2444,1.9273,0.0278,0.0119,16.108,-82.3312,-3.3109,0.0167,0.0167,-0.0159,0,0,0.0072,0.0029
-0.2001,2.2995,1.9286,0.0241,0.0119,15.895,-82.2912,-3.3044,0.0097,0.0097,-0.0095,0,0,0.0072,0.0029
-0.2,2.1212,1.9322,0.0301,0.0113,15.6755,-82.2601,-3.2998,0.0113,0.0113,-0.0154,0,0,0.0068,0.0027
-0.2,2.1676,1.9347,0.0257,0.0113,15.4586,-82.2271,-3.2963,0.0095,0.0095,-0.012,0,0,0.0068,0.0027
-0.2,2.2168,1.9435,0.027,0.0088,15.2418,-82.1927,-3.2937,0.006,0.006,-0.0164,0,0,0.0053,0.0021
-0.2,2.1946,1.9511,0.0249,0.0088,15.0224,-82.1605,-3.2902,0.0037,0.0037,-0.0129,0,0,0.0053,0.0021
-0.2,2.1946,1.9576,0.0201,0.0088,14.8064,-82.1353,-3.2868,0.008,0.008,-0.0095,0,0,0.0053,0.0021
-0.2,2.2177,1.9632,0.0176,0.0055,14.5907,-82.1063,-3.2829,0.007,0.007,-0.0124,0,0,0.0033,0.0013
-0.2,2.1757,1.9682,0.0142,0.0055,14.3641,-82.0787,-3.279,0.0087,0.0087,-0.0085,0,0,0.0033,0.0013
-0.2,2.177,1.9725,0.0135,0.0046,14.1418,-82.0456,-3.2758,0.004,0.004,-0.0086,0,0,0.0028,0.0011
-0.2,2.2841,1.9757,0.0115,0.0046,13.928,-82.0204,-3.2735,0.0057,0.0057,-0.0064,0,0,0.0028,0.0011
-0.2,2.2488,1.9786,0.0089,0.0013,13.7119,-81.9921,-3.2714,0.0043,0.0043,-0.0073,0,0,0.0008,0.0003
-0.2005,2.153,1.9814,0.0048,0.0013,13.489,-81.9678,-3.271,0.0075,0.0075,-0.007,0,0,0.0008,0.0003
-0.2,2.1794,1.9837,0.0031,-0.004,13.2705,-81.9469,-3.2691,0.0132,0.0132,-0.0118,0,0,-0.0024,-0.001
-0.2,2.2431,1.9854,0.0013,-0.004,13.054,-81.9242,-3.2665,0.0156,0.0156,-0.0092,0,0,-0.0024,-0.001
-0.2,2.1959,1.9871,-0.0007,-0.004,12.8427,-81.8974,-3.2639,0.0134,0.0134,-0.0065,0,0,-0.0024,-0.001
-0.2,2.1783,1.989,0.0004,-0.0039,12.6203,-81.869,-3.2649,0.0108,0.0108,-0.0076,0,0,-0.0023,-0.0009
-0.1994,2.1299,1.9906,0,-0.0039,12.4031,-81.8378,-3.2649,0.0049,0.0049,-0.0076,0,0,-0.0023,-0.0009
-0.2,2.2421,1.9905,0.0062,-0.0028,12.1833,-81.8179,-3.2656,0.0099,0.0099,-0.0129,0,0,-0.0017,-0.0007
-0.2,2.1947,1.9919,0.007,-0.0028,11.9729,-81.7985,-3.2656,0.0139,0.0139,-0.013,0,0,-0.0017,-0.0007
-0.2,2.2064,1.9907,0.0119,-0.0034,11.7498,-81.7647,-3.2662,0.0049,0.0049,-0.016,0,0,-0.002,-0.0008
-0.1997,2.1124,1.9912,0.0186,-0.0034,11.5241,-81.7348,-3.2667,-0.0004,-0.0004,-0.0165,0,0,-0.002,-0.0008
-0.2,2.2557,1.9897,0.0177,-0.0031,11.3051,-81.7062,-3.2647,-0.0051,-0.0051,-0.0138,0,0,-0.0019,-0.0007
-0.2,2.2748,1.9882,0.0167,-0.0031,11.0807,-81.6862,-3.2653,-0.0005,-0.0005,-0.0145,0,0,-0.0019,-0.0007
-0.2,2.2086,1.9875,0.0137,-0.0031,10.8692,-81.6728,-3.2646,0.0093,0.0093,-0.0137,0,0,-0.0019,-0.0007
-0.1999,2.2534,1.9732,0.0187,0.0021,10.6451,-81.6412,-3.2612,0.0019,0.0019,-0.0121,0,0,0.0013,0.0005
-0.2,2.1197,1.9754,0.0254,0.0021,10.4198,-81.6052,-3.2585,-0.0097,-0.0097,-0.0094,0,0,0.0013,0.0005
-0.1999,2.2647,1.9626,0.0204,0.0001,10.1973,-81.5749,-3.2564,-0.0158,-0.0158,-0.006,0,0,0,0
-0.1999,2.2823,1.9515,0.0152,0.0001,9.9841,-81.5521,-3.2542,-0.0152,-0.0152,-0.0038,0,0,0,0
-0.2,2.2457,1.9409,0.0085,-0.0006,9.7656,-81.5314,-3.2503,-0.0121,-0.0121,0.0003,0,0,-0.0004,-0.0001
-0.2001,2.144,1.9357,0.0046,-0.0006,9.5433,-81.5081,-3.2479,-0.011,-0.011,0.0027,0,0,-0.0004,-0.0001
-0.2,2.1964,1.9285,-0.0021,-0.001,9.3275,-81.4928,-3.2452,-0.0027,-0.0027,0.011,0,0,-0.0006,-0.0002
0,2.2358,1.8885,0,-0.001,9.1002,-81.477,-3.2445,0.0077,0.0077,0.0118,0,0,-0.0006,-0.0002
0,2.1648,1.889,0,-0.001,8.8773,-81.4596,-3.243,0.0159,0.0159,0.0132,0,0,-0.0006,-0.0002
0,2.2788,1.849,0,-0.0041,8.666,-81.4481,-3.2433,0.0287,0.0287,0.0134,0,0,-0.0025,-0.001
-0.2,2.2352,1.809,-0.0067,-0.0041,8.4445,-81.4202,-3.2436,0.0264,0.0264,0.013,0,0,-0.0025,-0.001
-0.2,2.115,1.769,-0.0134,-0.0084,8.2265,-81.4026,-3.2442,0.0335,0.0335,0.0091,0,0,-0.0051,-0.002
-0.2,2.2323,1.729,-0.0201,-0.0084,8.0011,-81.3796,-3.245,0.0358,0.0358,0.0083,0,0,-0.0051,-0.002
-0.2,2.1856,1.689,-0.0263,-0.0078,7.7794,-81.3491,-3.2473,0.0304,0.0304,0.0082,0,0,-0.0047,-0.0019
-0.2,2.2657,1.649,-0.0293,-0.0078,7.5618,-81.3358,-3.2481,0.0418,0.0418,0.0075,0,0,-0.0047,-0.0019
-0.2,2.2378,1.609,-0.0304,-0.0101,7.3377,-81.3083,-3.252,0.04,0.04,0.0033,0,0,-0.0061,-0.0024
-0.2,2.1806,1.569,-0.0272,-0.0101,7.1301,-81.2756,-3.2544,0.0311,0.0311,0.0009,0,0,-0.0061,-0.0024
-0.2,2.2583,1.529,-0.0253,-0.0101,6.9078,-81.265,-3.2599,0.0458,0.0458,-0.0045,0,0,-0.0061,-0.0024
-0.2,2.1019,1.489,-0.0186,-0.0068,6.6987,-81.2334,-3.2657,0.0378,0.0378,-0.0126,0,0,-0.0041,-0.0016
-0.2,2.2229,1.449,-0.0119,-0.0068,6.4921,-81.2092,-3.2709,0.0367,0.0367,-0.0179,0,0,-0.0041,-0.0016
-0.2,2.1164,1.409,-0.0052,-0.003,6.2971,-81.1803,-3.2754,0.0299,0.0299,-0.0188,0,0,-0.0018,-0.0007
-0.2,2.0813,1.369,0.0015,-0.003,6.108,-81.1465,-3.2793,0.0181,0.0181,-0.0227,0,0,-0.0018,-0.0007
-0.2,1.973,1.329,0.0082,-0.003,5.9269,-81.113,-3.2804,0.0055,0.0055,-0.0239,0,0,-0.0018,-0.0007
-0.2,1.9249,1.289,0.0149,0.002,5.7415,-81.0766,-3.2824,-0.0097,-0.0097,-0.0282,0,0,0.0012,0.0005
-0.2,1.8444,1.249,0.0216,0.002,5.5525,-81.0615,-3.2842,-0.0034,-0.0034,-0.03,0,0,0.0012,0.0005
-0.2,1.8916,1.209,0.0283,0.0062,5.3657,-81.0408,-3.2838,-0.003,-0.003,-0.0268,0,0,0.0037,0.0015
-0.2,1.8966,1.169,0.0342,0.0062,5.1854,-81.0223,-3.2833,-0.0006,-0.0006,-0.0263,0,0,0.0037,0.0015
-0.2,1.8799,1.129,0.0366,0.0062,5.0184,-80.9973,-3.28,-0.0062,-0.0062,-0.023,0,0,0.0037,0.0015
-0.2,1.8123,1.089,0.0372,0.0061,4.8505,-80.9651,-3.2781,-0.0187,-0.0187,-0.0166,0,0,0.0037,0.0015
-0.2,1.6877,1.049,0.0348,0.0061,4.7045,-80.9526,-3.2746,-0.0137,-0.0137,-0.0131,0,0,0.0037,0.0015
-0.1999,1.708,1.0117,0.0321,0.0061,4.5507,-80.9369,-3.2731,-0.0108,-0.0108,-0.0117,0,0,0.0037,0.0015
0,1.4647,1.0517,0.0254,0.0061,4.4017,-80.9267,-3.2709,-0.0031,-0.0031,-0.0094,0,0,0.0037,0.0015
0,1.544,1.0139,0.0187,0.0032,4.2586,-80.9128,-3.2678,0.0007,0.0007,-0.0022,0,0,0.0019,0.0008
-0.1434,1.4926,0.9818,0.0123,0.0032,4.1168,-80.8906,-3.2645,-0.0038,-0.0038,0.0012,0,0,0.0019,0.0008
-0.1999,1.4377,0.9546,0.0056,0.0032,3.9834,-80.8848,-3.2618,0.007,0.007,0.0039,0,0,0.0019,0.0008
-0.1999,1.435,0.9314,-0.0011,-0.0011,3.8507,-80.8728,-3.2599,0.0117,0.0117,0.0084,0,0,-0.0007,-0.0003
-0.2,1.3369,0.9117,-0.0078,-0.0011,3.7245,-80.8642,-3.2585,0.0191,0.0191,0.0098,0,0,-0.0007,-0.0003
-0.2,1.3333,0.8949,-0.0144,-0.0011,3.5995,-80.8431,-3.2581,0.014,0.014,0.0102,0,0,-0.0007,-0.0003
0.1675,1.2661,0.9349,-0.0211,-0.0011,3.4786,-80.833,-3.2576,0.0192,0.0192,0.0107,0,0,-0.0007,-0.0003
0,1.2685,0.9147,-0.0144,-0.0082,3.3495,-80.8112,-3.2586,0.0139,0.0139,0.0106,0,0,-0.005,-0.002
-0.1697,1.2131,0.8975,-0.0211,-0.0082,3.2428,-80.7983,-3.2596,0.0147,0.0147,0.0097,0,0,-0.005,-0.002
-0.1999,1.31,0.8829,0,-0.0082,3.1282,-80.7769,-3.2633,0.0081,0.0081,0.006,0,0,-0.005,-0.002
0.2,1.0746,0.9229,-0.0189,-0.0082,3.0125,-80.7789,-3.2653,0.0248,0.0248,0.0039,0,0,-0.005,-0.002
0.2,1.1665,0.9629,-0.0256,-0.0082,2.9224,-80.7695,-3.2656,0.027,0.027,0.0037,0,0,-0.005,-0.002
0,1.1557,0.9384,-0.0189,-0.0161,2.8314,-80.7621,-3.2663,0.0311,0.0311,0.0009,0,0,-0.0097,-0.0039
0,0.9059,0.9784,-0.0122,-0.0161,2.7419,-80.7441,-3.2661,0.0244,0.0244,0.0011,0,0,-0.0097,-0.0039
0.2,0.9131,1.0184,-0.0189,-0.0161,2.6576,-80.7328,-3.2657,0.0237,0.0237,0.0015,0,0,-0.0097,-0.0039
0.2,0.913,1.0584,-0.0239,-0.0161,2.5657,-80.7162,-3.2675,0.0187,0.0187,-0.0003,0,0,-0.0097,-0.0039
0.2,0.8505,1.0984,-0.0255,-0.0161,2.4994,-80.708,-3.2683,0.019,0.019,-0.0011,0,0,-0.0097,-0.0039
0.1999,0.9351,1.1384,-0.0259,-0.0161,2.4197,-80.7014,-3.2702,0.0224,0.0224,-0.003,0,0,-0.0097,-0.0039
0.2,0.6679,1.1784,-0.0254,-0.0202,2.3326,-80.6828,-3.2725,0.0148,0.0148,-0.0065,0,0,-0.0122,-0.0049
0.2,0.7984,1.2184,0,-0.0202,2.2415,-80.6646,-3.2751,0.008,0.008,-0.0091,0,0,-0.0122,-0.0049
0.2,0.8918,1.2584,-0.0126,-0.0202,2.1467,-80.6469,-3.2776,0.0022,0.0022,-0.0116,0,0,-0.0122,-0.0049
0.1999,0.9294,1.2892,-0.0059,-0.0202,2.036,-80.6238,-3.28,-0.007,-0.007,-0.014,0,0,-0.0122,-0.0049
0.1999,0.9654,1.3154,0.0008,-0.0202,1.9244,-80.6171,-3.2824,0.0002,0.0002,-0.0164,0,0,-0.0122,-0.0049
0,1.1315,1.2754,0,-0.0269,1.8057,-80.6054,-3.2837,0.003,0.003,-0.0209,0,0,-0.0162,-0.0065
-0.2,1.118,1.2354,0.0022,-0.0269,1.6907,-80.5952,-3.2841,0.0068,0.0068,-0.0214,0,0,-0.0162,-0.0065
-0.1999,1.1931,1.1954,0.0054,-0.0269,1.5648,-80.5748,-3.2847,0.0017,0.0017,-0.0219,0,0,-0.0162,-0.0065
-0.2,1.1549,1.1554,0.0121,-0.0269,1.4401,-80.5411,-3.2846,-0.0167,-0.0167,-0.0219,0,0,-0.0162,-0.0065
-0.2,1.2755,1.1154,0.0143,-0.0314,1.3208,-80.5073,-3.2849,-0.0362,-0.0362,-0.0259,0,0,-0.0189,-0.0076
-0.2,1.2919,1.0754,0.021,-0.0314,1.1876,-80.4878,-3.2846,-0.0399,-0.0399,-0.0256,0,0,-0.0189,-0.0076
-0.1999,1.2409,1.0354,0.0277,-0.0314,1.0481,-80.4714,-3.2844,-0.0399,-0.0399,-0.0254,0,0,-0.0189,-0.0076
-0.1999,1.346,1.0001,0.0308,-0.0351,0.9079,-80.4489,-3.2838,-0.0458,-0.0458,-0.0238,0,0,-0.0211,-0.0085
-0.1999,1.404,0.9701,0.0346,-0.0351,0.7746,-80.4344,-3.2827,-0.0445,-0.0445,-0.0226,0,0,-0.0211,-0.0085
-0.1999,1.4188,0.9446,0.0364,-0.0351,0.6407,-80.4175,-3.28,-0.0454,-0.0454,-0.0199,0,0,-0.0211,-0.0085
-0.1999,1.3407,0.9229,0.0404,-0.0351,0.5143,-80.4028,-3.2779,-0.0451,-0.0451,-0.0178,0,0,-0.0211,-0.0085
-0.1999,1.3503,0.9045,0.0337,-0.0459,0.3865,-80.3894,-3.2758,-0.0432,-0.0432,-0.0134,0,0,-0.0277,-0.0111
-0.1999,1.2729,0.8888,0.036,-0.0459,0.2594,-80.3756,-3.2733,-0.0416,-0.0416,-0.0109,0,0,-0.0277,-0.0111
-0.1999,1.2855,0.8755,0.0366,-0.0459,0.1394,-80.3616,-3.271,-0.041,-0.041,-0.0086,0,0,-0.0277,-0.0111
-0.1999,1.2786,0.8642,0.033,-0.0459,0.0239,-80.3517,-3.2685,-0.0369,-0.0369,-0.0061,0,0,-0.0277,-0.0111
-0.1999,1.2097,0.8545,0.0263,-0.0589,-0.09,-80.3422,-3.2661,-0.0324,-0.0324,0.0016,0,0,-0.0356,-0.0142
-0.2,1.1599,0.8463,0.0196,-0.0589,-0.1989,-80.3284,-3.2638,-0.0324,-0.0324,0.004,0,0,-0.0356,-0.0142
-0.2,1.1441,0.8394,0.0129,-0.0589,-0.3054,-80.3149,-3.2617,-0.0324,-0.0324,0.0061,0,0,-0.0356,-0.0142
-0.2,1.098,0.8335,0.0062,-0.0589,-0.4043,-80.3012,-3.2593,-0.0335,-0.0335,0.0085,0,0,-0.0356,-0.0142
-0.2,1.0745,0.8285,-0.0005,-0.0589,-0.5031,-80.2963,-3.2575,-0.026,-0.026,0.0102,0,0,-0.0356,-0.0142
-0.2,0.9984,0.8242,-0.0072,-0.074,-0.5831,-80.304,-3.2547,-0.0081,-0.0081,0.0205,0,0,-0.0446,-0.0179
-0.2,0.9902,0.8206,-0.0139,-0.074,-0.6689,-80.2885,-3.2545,-0.012,-0.012,0.0207,0,0,-0.0446,-0.0179
-0.0635,0.8062,0.8175,-0.0206,-0.074,-0.7675,-80.2762,-3.2554,-0.0111,-0.0111,0.0197,0,0,-0.0446,-0.0179
-0.1486,0.8714,0.8149,-0.0273,-0.074,-0.8556,-80.2739,-3.255,-0.0017,-0.0017,0.0201,0,0,-0.0446,-0.0179
-0.2,0.9932,0.8126,-0.034,-0.074,-0.9435,-80.2587,-3.2559,-0.005,-0.005,0.0193,0,0,-0.0446,-0.0179
-0.1411,0.8808,0.8107,-0.0407,-0.074,-1.0299,-80.2496,-3.2579,-0.0024,-0.0024,0.0172,0,0,-0.0446,-0.0179
-0.1762,0.8924,0.8091,-0.0474,-0.0944,-1.0976,-80.2368,-3.2588,-0.0058,-0.0058,0.0245,0,0,-0.057,-0.0228
-0.1225,0.869,0.8078,-0.0541,-0.0944,-1.1787,-80.2187,-3.2615,-0.0122,-0.0122,0.0219,0,0,-0.057,-0.0228
0.0797,0.6888,0.8066,-0.0608,-0.0944,-1.2555,-80.2034,-3.2635,-0.0165,-0.0165,0.0198,0,0,-0.057,-0.0228
-0.0161,0.8333,0.8056,-0.0675,-0.0944,-1.3371,-80.1986,-3.2657,-0.0098,-0.0098,0.0176,0,0,-0.057,-0.0228
0.0112,0.7839,0.8048,-0.0742,-0.0944,-1.4146,-80.1907,-3.268,-0.0067,-0.0067,0.0154,0,0,-0.057,-0.0228
-0.0106,0.817,0.804,-0.0809,-0.0944,-1.4917,-80.1819,-3.2712,-0.0044,-0.0044,0.0122,0,0,-0.057,-0.0228
0.0261,0.7795,0.8034,-0.0876,-0.1181,-1.5708,-80.1701,-3.2744,-0.0048,-0.0048,0.016,0,0,-0.0715,-0.0286
0.0472,0.7761,0.8029,-0.0943,-0.1181,-1.641,-80.1526,-3.279,-0.0117,-0.0117,0.0114,0,0,-0.0715,-0.0286
0.0169,0.7996,0.8025,-0.101,-0.1181,-1.7145,-80.1416,-3.2838,-0.0117,-0.0117,0.0066,0,0,-0.0715,-0.0286
0.152,0.7264,0.8021,-0.0943,-0.1181,-1.7869,-80.1269,-3.288,-0.0155,-0.0155,0.0023,0,0,-0.0715,-0.0286
0.1614,0.7437,0.8018,-0.0877,-0.1181,-1.8559,-80.1085,-3.293,-0.0234,-0.0234,-0.0026,0,0,-0.0715,-0.0286
0.1079,0.7395,0.8015,-0.081,-0.1181,-1.9361,-80.0877,-3.2985,-0.0321,-0.0321,-0.0081,0,0,-0.0715,-0.0286
0.1568,0.7182,0.8013,-0.0743,-0.1181,-2.0127,-80.0767,-3.3043,-0.0316,-0.0316,-0.0139,0,0,-0.0715,-0.0286
0.0065,0.8312,0.8011,-0.081,-0.1424,-2.0973,-80.055,-3.3091,-0.0398,-0.0398,-0.0061,0,0,-0.0864,-0.0345
0.0454,0.7741,0.8009,-0.0743,-0.1424,-2.1804,-80.0354,-3.3154,-0.0458,-0.0458,-0.0124,0,0,-0.0864,-0.0345
-0.081,0.8762,0.8008,-0.0676,-0.1424,-2.2689,-80.0312,-3.3225,-0.0357,-0.0357,-0.0195,0,0,-0.0864,-0.0345
-0.1129,0.8572,0.8007,-0.0609,-0.1424,-2.3507,-80.0091,-3.3247,-0.0444,-0.0444,-0.0217,0,0,-0.0864,-0.0345
-0.1734,0.8823,0.8006,-0.0542,-0.1424,-2.4355,-79.9862,-3.3294,-0.0534,-0.0534,-0.0264,0,0,-0.0864,-0.0345
-0.1072,0.8488,0.8005,-0.0609,-0.1654,-2.5296,-79.9696,-3.3326,-0.0546,-0.0546,-0.0177,0,0,-0.1006,-0.0402
-0.159,0.8809,0.8004,-0.0595,-0.1654,-2.6066,-79.9502,-3.3354,-0.0604,-0.0604,-0.0205,0,0,-0.1006,-0.0402
-0.2,0.9556,0.8004,-0.0542,-0.1654,-2.6942,-79.9349,-3.3402,-0.0604,-0.0604,-0.0253,0,0,-0.1006,-0.0402
-0.0481,0.7948,0.8003,-0.0481,-0.1654,-2.7762,-79.9055,-3.3405,-0.0752,-0.0752,-0.0255,0,0,-0.1006,-0.0402
-0.1871,0.8884,0.8003,-0.0414,-0.1654,-2.8536,-79.8849,-3.3456,-0.0821,-0.0821,-0.0307,0,0,-0.1006,-0.0402
-0.1255,0.8713,0.8002,-0.0347,-0.1654,-2.9488,-79.868,-3.3505,-0.0823,-0.0823,-0.0356,0,0,-0.1006,-0.0402
-0.0371,0.8035,0.8002,-0.0414,-0.1896,-3.0238,-79.8463,-3.354,-0.0906,-0.0906,-0.026,0,0,-0.1156,-0.0462
-0.2,0.9662,0.8002,-0.0481,-0.1896,-3.1186,-79.8291,-3.3582,-0.0899,-0.0899,-0.0302,0,0,-0.1156,-0.0462
-0.0341,0.782,0.8001,-0.0548,-0.1896,-3.2185,-79.8291,-3.3604,-0.0715,-0.0715,-0.0324,0,0,-0.1156,-0.0462
-0.2001,0.9623,0.8001,-0.0602,-0.1896,-3.3323,-79.7971,-3.3627,-0.0818,-0.0818,-0.0347,0,0,-0.1156,-0.0462
-0.2,0.9969,0.8001,-0.0535,-0.1896,-3.4286,-79.7614,-3.3645,-0.0991,-0.0991,-0.0365,0,0,-0.1156,-0.0462
-0.2,1.1832,0.8001,-0.0602,-0.2159,-3.5155,-79.7245,-3.3668,-0.1187,-0.1187,-0.0141,0,0,-0.1321,-0.0528
-0.2,1.0288,0.8001,-0.0669,-0.2159,-3.6014,-79.6954,-3.371,-0.1292,-0.1292,-0.0184,0,0,-0.1321,-0.0528
-0.2001,0.9459,0.8001,-0.0736,-0.2159,-3.7073,-79.6804,-3.3751,-0.1217,-0.1217,-0.0224,0,0,-0.1321,-0.0528
-0.2005,0.9099,0.8001,-0.0803,-0.2159,-3.7988,-79.66,-3.3792,-0.1225,-0.1225,-0.0265,0,0,-0.1321,-0.0528
-0.2,1.068,0.8,-0.0736,-0.2159,-3.903,-79.6316,-3.3831,-0.1284,-0.1284,-0.0304,0,0,-0.1321,-0.0528
-0.1997,0.9375,0.8,-0.0803,-0.2429,-3.9933,-79.5957,-3.3866,-0.1442,-0.1442,-0.0072,0,0,-0.1493,-0.0596
-0.2,1.0815,0.8,-0.087,-0.2429,-4.084,-79.5659,-3.3918,-0.1517,-0.1517,-0.0124,0,0,-0.1493,-0.0596
-0.2,0.9741,0.8,-0.0937,-0.2429,-4.1781,-79.5444,-3.3965,-0.1505,-0.1505,-0.0172,0,0,-0.1493,-0.0596
-0.2,0.9567,0.8,-0.1004,-0.2429,-4.2782,-79.5143,-3.4022,-0.1562,-0.1562,-0.0229,0,0,-0.1493,-0.0596
-0.2001,0.9644,0.8,-0.0951,-0.2429,-4.3727,-79.4924,-3.4075,-0.1552,-0.1552,-0.0281,0,0,-0.1493,-0.0596
-0.2,1.0469,0.8,-0.1018,-0.2687,-4.4722,-79.4614,-3.4126,-0.1612,-0.1612,0.002,0,0,-0.1659,-0.0662
-0.2,0.9695,0.8,-0.1085,-0.2687,-4.5662,-79.4306,-3.4175,-0.1656,-0.1656,-0.0029,0,0,-0.1659,-0.0662
-0.2,1.0428,0.8,-0.1152,-0.2687,-4.6525,-79.3974,-3.4231,-0.1743,-0.1743,-0.0085,0,0,-0.1659,-0.0662
-0.2,0.9901,0.8,-0.1219,-0.2687,-4.7459,-79.3608,-3.4296,-0.1844,-0.1844,-0.015,0,0,-0.1659,-0.0662
-0.1999,0.9282,0.8,-0.1179,-0.2687,-4.836,-79.3323,-3.4364,-0.1875,-0.1875,-0.0218,0,0,-0.1659,-0.0662
-0.2,1.0064,0.8,-0.1112,-0.2687,-4.9221,-79.3089,-3.4441,-0.1868,-0.1868,-0.0294,0,0,-0.1659,-0.0662
-0.2,0.9467,0.8,-0.1179,-0.299,-5.0148,-79.2824,-3.4514,-0.1833,-0.1833,0.0061,0,0,-0.1857,-0.0741
-0.1546,0.8921,0.8,-0.1246,-0.299,-5.1102,-79.2315,-3.4595,-0.202,-0.202,-0.002,0,0,-0.1857,-0.0741
-0.2,0.9638,0.8,-0.1313,-0.299,-5.2194,-79.2039,-3.4654,-0.1943,-0.1943,-0.0079,0,0,-0.1857,-0.0741
-0.2,1.0899,0.8,-0.138,-0.299,-5.3108,-79.1431,-3.4735,-0.2237,-0.2237,-0.016,0,0,-0.1857,-0.0741
-0.2,1.1248,0.8,-0.1447,-0.3203,-5.4111,-79.107,-3.4809,-0.225,-0.225,0.0255,0,0,-0.1999,-0.0798
-0.2,1.1094,0.8,-0.1514,-0.3203,-5.5238,-79.0478,-3.49,-0.2401,-0.2401,0.0164,0,0,-0.1999,-0.0798
-0.2,1.0675,0.8,-0.1581,-0.3203,-5.6174,-79.0152,-3.4974,-0.2372,-0.2372,0.009,0,0,-0.1999,-0.0798
-0.1999,1.2809,0.8,-0.1648,-0.3203,-5.7192,-78.9762,-3.5063,-0.2373,-0.2373,0.0002,0,0,-0.1999,-0.0798
-0.2,0.992,0.8,-0.1626,-0.3203,-5.8097,-78.9304,-3.517,-0.2477,-0.2477,-0.0106,0,0,-0.1999,-0.0798
-0.2,1.0909,0.8,-0.1693,-0.3403,-5.903,-78.8796,-3.5277,-0.2562,-0.2562,0.04,0,0,-0.2133,-0.0851
-0.2,1.0213,0.8,-0.176,-0.3403,-5.9894,-78.8375,-3.5369,-0.2588,-0.2588,0.0309,0,0,-0.2133,-0.0851
-0.2,1.0698,0.8,-0.1827,-0.3403,-6.0828,-78.7884,-3.5487,-0.2649,-0.2649,0.019,0,0,-0.2133,-0.0851
-0.2001,0.9644,0.8,-0.1894,-0.3403,-6.1599,-78.7372,-3.5585,-0.2797,-0.2797,0.0092,0,0,-0.2133,-0.0851
-0.2,1.0612,0.8,-0.1961,-0.3517,-6.2612,-78.6906,-3.5706,-0.279,-0.279,0.0585,0,0,-0.221,-0.0882
-0.2,0.9358,0.8,-0.2028,-0.3517,-6.3439,-78.6305,-3.5825,-0.2933,-0.2933,0.0466,0,0,-0.221,-0.0882
-0.2,1.1166,0.8,-0.2095,-0.3517,-6.4313,-78.5856,-3.5937,-0.2921,-0.2921,0.0354,0,0,-0.221,-0.0882
-0.2,1.0347,0.8,-0.2108,-0.3517,-6.5051,-78.5295,-3.6063,-0.3071,-0.3071,0.0228,0,0,-0.221,-0.0882
-0.2,0.9862,0.8,-0.2041,-0.3517,-6.5803,-78.4917,-3.6186,-0.3052,-0.3052,0.0105,0,0,-0.221,-0.0882
-0.2,0.9408,0.8,-0.2108,-0.3537,-6.6583,-78.437,-3.632,-0.3158,-0.3158,0.0683,0,0,-0.2224,-0.0887
-0.109,0.8444,0.8,-0.2175,-0.3537,-6.7375,-78.3875,-3.6445,-0.3158,-0.3158,0.0558,0,0,-0.2224,-0.0887
-0.2,0.9634,0.8,-0.2242,-0.3537,-6.814,-78.3305,-3.6576,-0.3236,-0.3236,0.0427,0,0,-0.2224,-0.0887
-0.2,0.9409,0.8,-0.2175,-0.3537,-6.8806,-78.2867,-3.6679,-0.3254,-0.3254,0.0324,0,0,-0.2224,-0.0887
-0.2,0.9649,0.8,-0.2108,-0.3537,-6.9453,-78.2272,-3.6812,-0.3416,-0.3416,0.0191,0,0,-0.2224,-0.0887
-0.0591,0.8025,0.8,-0.2041,-0.3537,-7.0107,-78.1794,-3.6923,-0.3475,-0.3475,0.008,0,0,-0.2224,-0.0887
-0.1799,0.896,0.8,-0.2016,-0.3445,-7.0758,-78.125,-3.7059,-0.3528,-0.3528,0.0762,0,0,-0.2162,-0.0862
-0.0662,0.8171,0.8,-0.2083,-0.3445,-7.1491,-78.0769,-3.7172,-0.3477,-0.3477,0.0648,0,0,-0.2162,-0.0862
-0.1239,0.8599,0.8,-0.215,-0.3445,-7.2111,-78.038,-3.7273,-0.3418,-0.3418,0.0548,0,0,-0.2162,-0.0862
-0.1638,0.8799,0.8,-0.2101,-0.3445,-7.2644,-77.9847,-3.7374,-0.3527,-0.3527,0.0447,0,0,-0.2162,-0.0862
0.0311,0.7325,0.8,-0.2034,-0.3445,-7.3246,-77.9434,-3.7472,-0.3498,-0.3498,0.0349,0,0,-0.2162,-0.0862
0.0556,0.7646,0.8,-0.2023,-0.3367,-7.3723,-77.8792,-3.7583,-0.3721,-0.3721,0.1122,0,0,-0.2108,-0.0841
0.1565,0.7316,0.8,-0.209,-0.3367,-7.4247,-77.8384,-3.7668,-0.3677,-0.3677,0.1037,0,0,-0.2108,-0.0841
0.0209,0.8193,0.8,-0.2156,-0.3367,-7.4721,-77.7912,-3.7765,-0.3713,-0.3713,0.094,0,0,-0.2108,-0.0841
0.1832,0.6669,0.8,-0.2223,-0.3367,-7.5201,-77.7446,-3.7855,-0.3741,-0.3741,0.085,0,0,-0.2108,-0.0841
0.1998,0.6768,0.8,-0.2219,-0.3367,-7.5645,-77.6908,-3.7958,-0.3847,-0.3847,0.0747,0,0,-0.2108,-0.0841
0.1996,0.6766,0.8,-0.2152,-0.3367,-7.6149,-77.6364,-3.8061,-0.3917,-0.3917,0.0644,0,0,-0.2108,-0.0841
0.1767,0.7111,0.8,-0.2085,-0.3367,-7.6623,-77.5747,-3.8176,-0.4061,-0.4061,0.0529,0,0,-0.2108,-0.0841
0.0981,0.7518,0.8,-0.2018,-0.3168,-7.7133,-77.5222,-3.8289,-0.4056,-0.4056,0.1397,0,0,-0.1975,-0.0788
0.0341,0.7936,0.8,-0.2085,-0.3168,-7.7709,-77.4646,-3.8402,-0.4022,-0.4022,0.1283,0,0,-0.1975,-0.0788
0.1253,0.7413,0.8,-0.2152,-0.3168,-7.8257,-77.4063,-3.8519,-0.4014,-0.4014,0.1166,0,0,-0.1975,-0.0788
0.0086,0.8221,0.8,-0.2219,-0.3168,-7.8887,-77.3358,-3.864,-0.4028,-0.4028,0.1046,0,0,-0.1975,-0.0788
-0.0054,0.8086,0.8,-0.2152,-0.3168,-7.9466,-77.2663,-3.8754,-0.4072,-0.4072,0.0931,0,0,-0.1975,-0.0788
-0.1713,0.9552,0.8,-0.2085,-0.2992,-8.0008,-77.1981,-3.8884,-0.4073,-0.4073,0.1855,0,0,-0.1858,-0.0742
-0.1994,0.915,0.8,-0.2152,-0.2992,-8.0531,-77.1316,-3.901,-0.4049,-0.4049,0.173,0,0,-0.1858,-0.0742
-0.1588,0.8837,0.8,-0.2219,-0.2992,-8.1063,-77.064,-3.9141,-0.4025,-0.4025,0.1599,0,0,-0.1858,-0.0742
-0.1042,0.8574,0.8,-0.2285,-0.2992,-8.1632,-76.9919,-3.9264,-0.3998,-0.3998,0.1476,0,0,-0.1858,-0.0742
-0.1456,0.8726,0.8,-0.2352,-0.2992,-8.2168,-76.9302,-3.938,-0.3936,-0.3936,0.1359,0,0,-0.1858,-0.0742
-0.2001,0.9287,0.8,-0.2285,-0.2739,-8.27,-76.8681,-3.9511,-0.3822,-0.3822,0.2247,0,0,-0.1693,-0.0676
-0.078,0.8233,0.8,-0.2352,-0.2739,-8.3192,-76.8009,-3.964,-0.3744,-0.3744,0.2117,0,0,-0.1693,-0.0676
-0.0521,0.8249,0.8,-0.2419,-0.2739,-8.3636,-76.7296,-3.9769,-0.3727,-0.3727,0.1988,0,0,-0.1693,-0.0676
-0.09,0.8439,0.8,-0.2486,-0.2739,-8.413,-76.6717,-3.9893,-0.3598,-0.3598,0.1865,0,0,-0.1693,-0.0676
-0.0901,0.8537,0.8,-0.2553,-0.2739,-8.4599,-76.5979,-4.0016,-0.3572,-0.3572,0.1741,0,0,-0.1693,-0.0676
0.014,0.7654,0.8,-0.2486,-0.2469,-8.5065,-76.5277,-4.0157,-0.3491,-0.3491,0.271,0,0,-0.1519,-0.0607
-0.1241,0.8856,0.8,-0.2553,-0.2469,-8.5455,-76.4582,-4.028,-0.3423,-0.3423,0.2586,0,0,-0.1519,-0.0607
-0.0909,0.8531,0.8,-0.262,-0.2469,-8.5794,-76.3902,-4.0415,-0.3395,-0.3395,0.2452,0,0,-0.1519,-0.0607
-0.0376,0.8099,0.8,-0.2687,-0.2469,-8.6228,-76.3091,-4.0554,-0.3335,-0.3335,0.2313,0,0,-0.1519,-0.0607
0.0088,0.7768,0.8,-0.2754,-0.2469,-8.6623,-76.2393,-4.0684,-0.3263,-0.3263,0.2182,0,0,-0.1519,-0.0607
-0.1494,0.9333,0.8,-0.2687,-0.2138,-8.7022,-76.1623,-4.0835,-0.3203,-0.3203,0.3081,0,0,-0.1308,-0.0523
-0.0541,0.8135,0.8,-0.2754,-0.2138,-8.7324,-76.0996,-4.098,-0.3114,-0.3114,0.2936,0,0,-0.1308,-0.0523
-0.1798,0.8825,0.8,-0.2821,-0.2138,-8.7616,-76.0205,-4.1132,-0.3087,-0.3087,0.2784,0,0,-0.1308,-0.0523
0.02,0.7112,0.8,-0.2888,-0.2138,-8.8114,-75.9414,-4.1279,-0.2864,-0.2864,0.2637,0,0,-0.1308,-0.0523
-0.0815,0.8651,0.8,-0.2955,-0.2138,-8.8535,-75.8635,-4.1412,-0.2709,-0.2709,0.2504,0,0,-0.1308,-0.0523
-0.2,0.9407,0.8,-0.3022,-0.2138,-8.8838,-75.7887,-4.1563,-0.2658,-0.2658,0.2353,0,0,-0.1308,-0.0523
-0.157,0.8941,0.8,-0.2955,-0.1803,-8.9101,-75.711,-4.1705,-0.2588,-0.2588,0.3219,0,0,-0.1098,-0.0439
-0.0678,0.8245,0.8,-0.3022,-0.1803,-8.9385,-75.6342,-4.1871,-0.2478,-0.2478,0.3053,0,0,-0.1098,-0.0439
-0.0658,0.8395,0.8,-0.3089,-0.1803,-8.9616,-75.5513,-4.2033,-0.2433,-0.2433,0.2891,0,0,-0.1098,-0.0439
-0.063,0.8376,0.8,-0.3156,-0.1803,-8.9801,-75.4677,-4.2202,-0.2435,-0.2435,0.2722,0,0,-0.1098,-0.0439
-0.186,0.8841,0.8,-0.3223,-0.1803,-9.0015,-75.3897,-4.2365,-0.2396,-0.2396,0.2559,0,0,-0.1098,-0.0439
-0.1422,0.8834,0.8,-0.3156,-0.1389,-9.0239,-75.3121,-4.2555,-0.2321,-0.2321,0.3284,0,0,-0.0842,-0.0337
-0.0707,0.8305,0.8,-0.3223,-0.1389,-9.0442,-75.2254,-4.2729,-0.223,-0.223,0.311,0,0,-0.0842,-0.0337
-0.0545,0.831,0.8,-0.329,-0.1389,-9.0586,-75.1504,-4.2917,-0.2184,-0.2184,0.2922,0,0,-0.0842,-0.0337
-0.1994,0.9134,0.8,-0.3357,-0.1389,-9.0819,-75.0544,-4.3112,-0.2076,-0.2076,0.2727,0,0,-0.0842,-0.0337
-0.0467,0.7915,0.8,-0.3424,-0.1389,-9.0947,-74.9803,-4.3274,-0.2045,-0.2045,0.2565,0,0,-0.0842,-0.0337
-0.2,1.0091,0.8,-0.3491,-0.1389,-9.1066,-74.8952,-4.3468,-0.2035,-0.2035,0.237,0,0,-0.0842,-0.0337
-0.0251,0.7737,0.8,-0.3424,-0.1136,-9.1259,-74.8201,-4.3657,-0.1876,-0.1876,0.3091,0,0,-0.0687,-0.0275
-0.173,0.8876,0.8,-0.3491,-0.1136,-9.1376,-74.7232,-4.3861,-0.1795,-0.1795,0.2886,0,0,-0.0687,-0.0275
-0.0368,0.7913,0.8,-0.3558,-0.1136,-9.1448,-74.6458,-4.4054,-0.1752,-0.1752,0.2693,0,0,-0.0687,-0.0275
-0.2,1.0034,0.8,-0.3625,-0.1136,-9.135,-74.5728,-4.4246,-0.1878,-0.1878,0.2501,0,0,-0.0687,-0.0275
-0.0602,0.8044,0.8,-0.3675,-0.1136,-9.1394,-74.4983,-4.4443,-0.1862,-0.1862,0.2305,0,0,-0.0687,-0.0275
-0.0019,0.7824,0.8,-0.3608,-0.0863,-9.1467,-74.42,-4.4668,-0.1813,-0.1813,0.2893,0,0,-0.0521,-0.0208
0.0295,0.7736,0.8,-0.3675,-0.0863,-9.1499,-74.3228,-4.4889,-0.1738,-0.1738,0.2671,0,0,-0.0521,-0.0208
0,0.8123,0.8,-0.3608,-0.0863,-9.1368,-74.2566,-4.5117,-0.184,-0.184,0.2443,0,0,-0.0521,-0.0208
-0.2,1.0006,0.8,-0.3541,-0.0863,-9.1446,-74.1723,-4.5363,-0.1726,-0.1726,0.2198,0,0,-0.0521,-0.0208
-0.0001,0.7279,0.8,-0.3474,-0.0863,-9.15,-74.0866,-4.5602,-0.1634,-0.1634,0.1958,0,0,-0.0521,-0.0208
-0.1063,0.8661,0.8,-0.3407,-0.0863,-9.1492,-74.013,-4.5837,-0.161,-0.161,0.1724,0,0,-0.0521,-0.0208
-0.1583,0.879,0.8,-0.334,-0.0522,-9.146,-73.9261,-4.6079,-0.1579,-0.1579,0.2277,0,0,-0.0315,-0.0126
0.0009,0.7623,0.8,-0.3273,-0.0522,-9.1365,-73.8408,-4.6308,-0.1569,-0.1569,0.2048,0,0,-0.0315,-0.0126
-0.1712,0.8957,0.8,-0.3206,-0.0522,-9.1196,-73.756,-4.6537,-0.1632,-0.1632,0.1818,0,0,-0.0315,-0.0126
-0.1639,0.889,0.8,-0.314,-0.0522,-9.1124,-73.6797,-4.6759,-0.1609,-0.1609,0.1597,0,0,-0.0315,-0.0126
-0.1993,0.9017,0.8,-0.3073,-0.0522,-9.0983,-73.6123,-4.6943,-0.1667,-0.1667,0.1413,0,0,-0.0315,-0.0126
-0.043,0.7901,0.8,-0.3006,-0.0522,-9.0907,-73.5108,1.5641,-0.1618,-0.1618,0.1165,0,0,-0.0315,-0.0126
0.0758,0.7163,0.8,-0.2939,-0.015,-9.0742,-73.4427,1.5472,-0.1667,-0.1667,0.1629,0,0,-0.009,-0.0036
-0.1241,1.0355,0.8,-0.2872,-0.015,-9.0496,-73.3695,1.5267,-0.1773,-0.1773,0.1424,0,0,-0.009,-0.0036
0.0489,0.724,0.8,-0.2805,-0.015,-9.034,-73.2851,1.5072,-0.1771,-0.1771,0.1229,0,0,-0.009,-0.0036
0.0053,0.8077,0.8,-0.2738,-0.015,-9.0159,-73.1961,1.4876,-0.1783,-0.1783,0.1033,0,0,-0.009,-0.0036
-0.1169,0.8763,0.8,-0.2671,-0.015,-8.9952,-73.1083,1.4682,-0.1824,-0.1824,0.0839,0,0,-0.009,-0.0036
-0.2002,0.9251,0.8,-0.2604,0.0019,-8.9782,-73.0165,1.4493,-0.1817,-0.1817,0.1164,0,0,0.0011,0.0005
-0.1999,0.9206,0.8,-0.2537,0.0019,-8.9621,-72.9255,1.4309,-0.1759,-0.1759,0.0981,0,0,0.0011,0.0005
-0.2,0.9441,0.8,-0.247,0.0019,-8.9397,-72.8384,1.4136,-0.1772,-0.1772,0.0807,0,0,0.0011,0.0005
-0.2,0.9315,0.8,-0.2403,0.0019,-8.9184,-72.7495,1.3969,-0.1769,-0.1769,0.064,0,0,0.0011,0.0005
-0.1997,0.9112,0.8,-0.2336,0.0019,-8.8907,-72.6595,1.3803,-0.1827,-0.1827,0.0475,0,0,0.0011,0.0005
-0.2001,0.924,0.8,-0.2269,0.0019,-8.8591,-72.578,1.3655,-0.1941,-0.1941,0.0326,0,0,0.0011,0.0005
-0.2,0.9549,0.8,-0.2202,0.0309,-8.8335,-72.4893,1.3486,-0.1952,-0.1952,0.0572,0,0,0.0186,0.0075
-0.1523,0.89,0.8,-0.2135,0.0309,-8.8082,-72.394,1.3337,-0.1932,-0.1932,0.0423,0,0,0.0186,0.0075
-0.2,0.9338,0.8,-0.2068,0.0309,-8.7813,-72.3004,1.3187,-0.1932,-0.1932,0.0272,0,0,0.0186,0.0075
-0.2,0.9917,0.8,-0.2001,0.0309,-8.7567,-72.227,1.3054,-0.1966,-0.1966,0.014,0,0,0.0186,0.0075
-0.2,0.9805,0.8,-0.1934,0.0309,-8.7313,-72.1352,1.2911,-0.1957,-0.1957,-0.0003,0,0,0.0186,0.0075
0.2,0.7822,0.84,-0.1867,0.0538,-8.7012,-72.0546,1.2794,-0.2011,-0.2011,0.0194,0,0,0.0325,0.013
-0.199,0.9553,0.841,-0.18,0.0538,-8.671,-71.9671,1.2658,-0.2031,-0.2031,0.0058,0,0,0.0325,0.013
-0.0727,0.8661,0.8419,-0.1733,0.0538,-8.6364,-71.8799,1.2539,-0.2094,-0.2094,-0.006,0,0,0.0325,0.013
-0.1503,0.9313,0.8426,-0.1666,0.0538,-8.6033,-71.7919,1.2417,-0.2139,-0.2139,-0.0182,0,0,0.0325,0.013
-0.1997,0.9437,0.8432,-0.1599,0.0538,-8.5677,-71.7135,1.2316,-0.2239,-0.2239,-0.0283,0,0,0.0325,0.013
-0.1863,0.9444,0.8438,-0.1532,0.0658,-8.5367,-71.6215,1.2186,-0.2249,-0.2249,-0.0232,0,0,0.0397,0.0159
-0.0715,0.8677,0.8442,-0.1465,0.0658,-8.4991,-71.541,1.2098,-0.2345,-0.2345,-0.032,0,0,0.0397,0.0159
-0.1822,0.9715,0.8446,-0.1398,0.0658,-8.4665,-71.4496,1.1979,-0.2358,-0.2358,-0.0439,0,0,0.0397,0.0159
-0.0971,0.8932,0.8449,-0.1331,0.0658,-8.4261,-71.3822,1.1918,-0.2522,-0.2522,-0.05,0,0,0.0397,0.0159
-0.1857,0.9704,0.8452,-0.1264,0.0658,-8.3829,-71.2879,1.1802,-0.2627,-0.2627,-0.0616,0,0,0.0397,0.0159
0.008,0.7922,0.8454,-0.1197,0.0658,-8.3428,-71.2059,1.174,-0.2742,-0.2742,-0.0678,0,0,0.0397,0.0159
-0.1923,1.0414,0.8456,-0.1194,0.0594,-8.3071,-71.1051,1.1636,-0.2729,-0.2729,-0.0523,0,0,0.0358,0.0143
-0.1231,0.9151,0.8458,-0.1127,0.0594,-8.2687,-71.0088,1.1556,-0.2754,-0.2754,-0.0603,0,0,0.0358,0.0143
-0.2,1.0679,0.846,-0.106,0.0594,-8.2293,-70.9368,1.1496,-0.2873,-0.2873,-0.0663,0,0,0.0358,0.0143
-0.2,1.0365,0.8461,-0.0993,0.0594,-8.1857,-70.8413,1.1407,-0.295,-0.295,-0.0751,0,0,0.0358,0.0143
-0.03,0.8235,0.8462,-0.0926,0.0594,-8.1451,-70.7581,1.1356,-0.3041,-0.3041,-0.0802,0,0,0.0358,0.0143
-0.2,1.0512,0.8463,-0.0859,0.0685,-8.1025,-70.692,1.13,-0.3204,-0.3204,-0.0749,0,0,0.0413,0.0165
-0.1398,0.9261,0.8463,-0.0792,0.0685,-8.0534,-70.6059,1.1225,-0.3355,-0.3355,-0.0824,0,0,0.0413,0.0165
0.0222,0.7916,0.8464,-0.0725,0.0685,-8.0078,-70.506,1.1154,-0.3423,-0.3423,-0.0896,0,0,0.0413,0.0165
-0.1517,0.9945,0.8465,-0.0658,0.0685,-7.9597,-70.4051,1.1091,-0.3511,-0.3511,-0.0958,0,0,0.0413,0.0165
-0.2,1.0977,0.8465,-0.0591,0.0685,-7.9117,-70.3295,1.1059,-0.3689,-0.3689,-0.099,0,0,0.0413,0.0165
-0.2,1.1187,0.8466,-0.0524,0.0798,-7.8697,-70.227,1.0976,-0.3723,-0.3723,-0.1165,0,0,0.0482,0.0193
-0.1058,0.897,0.8466,-0.0457,0.0798,-7.8246,-70.1556,1.0958,-0.3896,-0.3896,-0.1183,0,0,0.0482,0.0193
-0.2,1.1059,0.8466,-0.039,0.0798,-7.7765,-70.0569,1.0882,-0.4002,-0.4002,-0.1258,0,0,0.0482,0.0193
-0.0516,0.845,0.8466,-0.0323,0.0798,-7.734,-69.9873,1.0874,-0.4157,-0.4157,-0.1267,0,0,0.0482,0.0193
-0.2,1.0982,0.8467,-0.0256,0.0798,-7.6972,-69.9022,1.0821,-0.4205,-0.4205,-0.1319,0,0,0.0482,0.0193
-0.0212,0.8161,0.8467,-0.0242,0.0746,-7.6645,-69.8305,1.0793,-0.4271,-0.4271,-0.1582,0,0,0.045,0.018
-0.0883,0.9262,0.8467,-0.0175,0.0746,-7.6259,-69.746,1.0754,-0.4359,-0.4359,-0.1621,0,0,0.045,0.018
0.0421,0.7868,0.8467,-0.0108,0.0746,-7.5898,-69.6763,1.0744,-0.4473,-0.4473,-0.1632,0,0,0.045,0.018
-0.0769,0.9282,0.8467,-0.0041,0.0746,-7.5483,-69.6062,1.0717,-0.4636,-0.4636,-0.1659,0,0,0.045,0.018
0.0462,0.7855,0.8467,0.0026,0.0746,-7.5101,-69.5108,1.0684,-0.4684,-0.4684,-0.1692,0,0,0.045,0.018
0.0434,0.816,0.8467,0.0093,0.0746,-7.4696,-69.4334,1.0697,-0.4814,-0.4814,-0.1678,0,0,0.045,0.018
-0.1566,1.0266,0.8467,0.0079,0.0664,-7.4263,-69.351,1.0687,-0.4959,-0.4959,-0.1755,0,0,0.0401,0.016
-0.0707,0.8741,0.8467,0.0146,0.0664,-7.389,-69.2699,1.069,-0.5052,-0.5052,-0.1753,0,0,0.0401,0.016
-0.1073,0.9316,0.8467,0.0213,0.0664,-7.3471,-69.1863,1.0691,-0.518,-0.518,-0.1751,0,0,0.0401,0.016
-0.0778,0.8938,0.8468,0.028,0.0664,-7.305,-69.1073,1.07,-0.5326,-0.5326,-0.1742,0,0,0.0401,0.016
-0.137,0.9348,0.8468,0.0347,0.0664,-7.2605,-69.046,1.071,-0.555,-0.555,-0.1732,0,0,0.0401,0.016
-0.0896,0.896,0.8468,0.0393,0.0644,-7.2156,-68.9555,1.0717,-0.5691,-0.5691,-0.1893,0,0,0.0388,0.0155
0.0749,0.7567,0.8468,0.046,0.0644,-7.1757,-68.862,1.0732,-0.5786,-0.5786,-0.1878,0,0,0.0388,0.0155
-0.1251,1.011,0.8468,0.0527,0.0644,-7.1351,-68.7715,1.0749,-0.5897,-0.5897,-0.1861,0,0,0.0388,0.0155
-0.2,1.0171,0.8468,0.0594,0.0644,-7.1027,-68.6932,1.0764,-0.5967,-0.5967,-0.1846,0,0,0.0388,0.0155
-0.2,0.9927,0.8468,0.0661,0.0644,-7.0671,-68.6271,1.0788,-0.6104,-0.6104,-0.1822,0,0,0.0388,0.0155
-0.0548,0.8481,0.8468,0.0728,0.0644,-7.0331,-68.5431,1.081,-0.6172,-0.6172,-0.18,0,0,0.0388,0.0155
0.0902,0.7503,0.8468,0.0719,0.0569,-6.9967,-68.4808,1.084,-0.6343,-0.6343,-0.1994,0,0,0.0343,0.0137
-0.0416,0.9068,0.8468,0.0786,0.0569,-6.9636,-68.4008,1.0862,-0.6433,-0.6433,-0.1972,0,0,0.0343,0.0137
0.1309,0.7206,0.8468,0.0853,0.0569,-6.9354,-68.3345,1.0902,-0.6515,-0.6515,-0.1932,0,0,0.0343,0.0137
0.0136,0.8668,0.8468,0.092,0.0569,-6.8988,-68.2523,1.0932,-0.6633,-0.6633,-0.1902,0,0,0.0343,0.0137
0.1603,0.7216,0.8468,0.0987,0.0569,-6.8664,-68.175,1.0972,-0.6725,-0.6725,-0.1863,0,0,0.0343,0.0137
-0.015,0.9013,0.8468,0.1054,0.0569,-6.8344,-68.0905,1.1011,-0.6792,-0.6792,-0.1823,0,0,0.0343,0.0137
0.0025,0.8406,0.8468,0.0987,0.0386,-6.8011,-67.9969,1.1055,-0.6868,-0.6868,-0.2041,0,0,0.0233,0.0093
-0.0626,0.907,0.8468,0.1054,0.0386,-6.7727,-67.918,1.1105,-0.6939,-0.6939,-0.1991,0,0,0.0233,0.0093
-0.1723,0.9965,0.8468,0.1121,0.0386,-6.737,-67.8284,1.1152,-0.7053,-0.7053,-0.1944,0,0,0.0233,0.0093
-0.0416,0.843,0.8468,0.1188,0.0386,-6.704,-67.7524,1.12,-0.7175,-0.7175,-0.1895,0,0,0.0233,0.0093
-0.1647,0.9671,0.8468,0.1255,0.0386,-6.6736,-67.6714,1.1242,-0.7259,-0.7259,-0.1854,0,0,0.0233,0.0093
-0.0261,0.8304,0.8468,0.1253,0.0317,-6.6443,-67.5977,1.1303,-0.7355,-0.7355,-0.1931,0,0,0.0191,0.0076
-0.0286,0.8672,0.8468,0.132,0.0317,-6.6111,-67.5169,1.1349,-0.7479,-0.7479,-0.1886,0,0,0.0191,0.0076
0.047,0.7954,0.8468,0.1387,0.0317,-6.5885,-67.4258,1.1401,-0.7475,-0.7475,-0.1833,0,0,0.0191,0.0076
-0.0179,0.8752,0.8468,0.1454,0.0317,-6.5597,-67.3591,1.1467,-0.7592,-0.7592,-0.1768,0,0,0.0191,0.0076
-0.1936,0.9442,0.8468,0.1521,0.0317,-6.5299,-67.2782,1.1529,-0.7682,-0.7682,-0.1705,0,0,0.0191,0.0076
0.0064,0.7283,0.8468,0.1588,0.0317,-6.5143,-67.1903,1.1596,-0.7618,-0.7618,-0.1638,0,0,0.0191,0.0076
-0.0166,0.8647,0.8468,0.1576,0.0235,-6.4892,-67.1059,1.167,-0.7664,-0.7664,-0.176,0,0,0.0141,0.0057
-0.0613,0.902,0.8468,0.1643,0.0235,-6.4699,-67.0212,1.1747,-0.7661,-0.7661,-0.1684,0,0,0.0141,0.0057
-0.0572,0.8861,0.8468,0.171,0.0235,-6.4482,-66.9458,1.1836,-0.7702,-0.7702,-0.1595,0,0,0.0141,0.0057
-0.0465,0.8767,0.8468,0.1777,0.0235,-6.4214,-66.8684,1.1927,-0.7788,-0.7788,-0.1504,0,0,0.0141,0.0057
0.0469,0.7909,0.8468,0.1844,0.0235,-6.4056,-66.7974,1.2019,-0.7782,-0.7782,-0.1411,0,0,0.0141,0.0057
0.0298,0.8229,0.8468,0.1911,0.0235,-6.3908,-66.6674,1.2054,-0.7634,-0.7634,-0.1377,0,0,0.0141,0.0057
0.1704,0.7358,0.8468,0.1907,0.0164,-6.3703,-66.6244,1.2224,-0.775,-0.775,-0.1536,0,0,0.0099,0.0039
-0.0998,1.3129,0.8398,0.1974,0.0164,-6.35,-66.5036,1.226,-0.7715,-0.7715,-0.1499,0,0,0.0099,0.0039
0.1809,0.4761,0.8408,0.2041,0.0164,-6.3243,-66.4404,1.2437,-0.7845,-0.7845,-0.1323,0,0,0.0099,0.0039
-0.039,1.2275,0.8399,0.2108,0.0164,-6.3192,-66.3178,1.2474,-0.7658,-0.7658,-0.1286,0,0,0.0099,0.0039
0.1811,0.6838,0.8409,0.2175,0.0164,-6.2996,-66.255,1.2647,-0.7729,-0.7729,-0.1112,0,0,0.0099,0.0039
0,1.2319,0.8809,0.2108,0.0093,-6.2944,-66.1743,1.2751,-0.7624,-0.7624,-0.1156,0,0,0.0056,0.0022
0.2,0.6656,0.9209,0.2172,0.0093,-6.271,-66.079,1.2869,-0.7684,-0.7684,-0.1038,0,0,0.0056,0.0022
0.1999,0.8223,0.9609,0.2239,0.0093,-6.2635,-66.0082,1.2993,-0.7631,-0.7631,-0.0914,0,0,0.0056,0.0022
0.1999,0.9858,1.0009,0.2306,0.0093,-6.2555,-65.9145,1.311,-0.7542,-0.7542,-0.0797,0,0,0.0056,0.0022
0.2,0.7257,1.0409,0.2372,0.0093,-6.2498,-65.8303,1.3234,-0.7447,-0.7447,-0.0673,0,0,0.0056,0.0022
0.2,0.9526,1.0809,0.2439,0.0093,-6.2445,-65.7438,1.3361,-0.7344,-0.7344,-0.0546,0,0,0.0056,0.0022
0.1999,0.8576,1.1209,0.2436,0.0024,-6.242,-65.6474,1.3497,-0.7203,-0.7203,-0.0554,0,0,0.0015,0.0006
0.1999,0.881,1.1609,0.2491,0.0024,-6.2364,-65.5543,1.364,-0.7105,-0.7105,-0.0411,0,0,0.0015,0.0006
0.2,0.9804,1.2009,0.2424,0.0024,-6.2383,-65.4548,1.3795,-0.6922,-0.6922,-0.0255,0,0,0.0015,0.0006
0.2,0.9455,1.2409,0.2357,0.0024,-6.2374,-65.3493,1.3964,-0.6756,-0.6756,-0.0087,0,0,0.0015,0.0006
0.2,1.0156,1.2809,0.229,0.0024,-6.2505,-65.2511,1.414,-0.6465,-0.6465,0.0089,0,0,0.0015,0.0006
0.2,1.0725,1.3209,0.2223,-0.0043,-6.2602,-65.1426,1.4329,-0.6197,-0.6197,0.017,0,0,-0.0026,-0.001
0.2,1.0202,1.3609,0.2156,-0.0043,-6.2322,-65.0617,1.449,-0.6348,-0.6348,0.0331,0,0,-0.0026,-0.001
0.2,1.116,1.4009,0.2089,-0.0043,-6.2209,-64.9752,1.4585,-0.6327,-0.6327,0.0426,0,0,-0.0026,-0.001
0.2,0.8428,1.4409,0.2022,-0.0043,-6.2213,-64.9205,1.4646,-0.6239,-0.6239,0.0487,0,0,-0.0026,-0.001
0.2,0.8725,1.4809,0.1955,-0.0043,-6.2163,-64.8999,1.466,-0.6256,-0.6256,0.0501,0,0,-0.0026,-0.001
0.2,0.5509,1.5209,0.1888,-0.0043,-6.2046,-64.8962,1.4644,-0.6366,-0.6366,0.0485,0,0,-0.0026,-0.001
0.2,0.2111,1.5609,0.1821,-0.0043,-6.2003,-64.9116,1.4612,-0.6433,-0.6433,0.0453,0,0,-0.0026,-0.001
0.2,0.1301,1.6009,0.1754,-0.0043,-6.1939,-64.9394,1.46,-0.6538,-0.6538,0.0441,0,0,-0.0026,-0.001
0.2,0.167,1.6409,0.1687,-0.0043,-6.2076,-64.9605,1.4594,-0.6436,-0.6436,0.0435,0,0,-0.0026,-0.001
0.2,0.2873,1.6809,0.162,-0.0043,-6.2078,-64.939,1.4605,-0.6401,-0.6401,0.0446,0,0,-0.0026,-0.001
0.2,0.2505,1.7209,0.1553,-0.0043,-6.2098,-64.9355,1.4603,-0.6375,-0.6375,0.0444,0,0,-0.0026,-0.001
0.2,0.2163,1.7609,0.1486,-0.0043,-6.2053,-64.9373,1.4592,-0.6422,-0.6422,0.0433,0,0,-0.0026,-0.001
0.2,0,1.7962,0.1419,-0.0043,-6.2066,-64.9364,1.4591,-0.6408,-0.6408,0.0432,0,0,-0.0026,-0.001
0.2,0.0538,1.8263,0.1352,-0.0043,-6.2068,-64.9366,1.4594,-0.6406,-0.6406,0.0435,0,0,-0.0026,-0.001
0.2,0,1.8518,0.1285,-0.0043,-6.2037,-64.9343,1.4593,-0.6434,-0.6434,0.0434,0,0,-0.0026,-0.001
0.2,0,1.8735,0.1218,-0.0043,-6.2009,-64.9328,1.4588,-0.6459,-0.6459,0.0429,0,0,-0.0026,-0.001
0.2,0,1.8919,0.1151,-0.0043,-6.1984,-64.9384,1.4589,-0.6493,-0.6493,0.043,0,0,-0.0026,-0.001
0.2,0,1.9076,0.1084,-0.0043,-6.2065,-64.9392,1.4582,-0.6414,-0.6414,0.0423,0,0,-0.0026,-0.001
0.2,0.0614,1.9209,0.1017,-0.0043,-6.2112,-64.9436,1.4582,-0.6374,-0.6374,0.0423,0,0,-0.0026,-0.001
0.2,0.0775,1.9322,0.095,-0.0043,-6.2184,-64.9562,1.4574,-0.6322,-0.6322,0.0415,0,0,-0.0026,-0.001
0.2,0.0648,1.9418,0.0883,-0.0043,-6.2169,-64.9469,1.4571,-0.6323,-0.6323,0.0412,0,0,-0.0026,-0.001
0.2,0.1432,1.95,0.0853,-0.0043,-6.218,-64.9496,1.4568,-0.6317,-0.6317,0.0409,0,0,-0.0026,-0.001
0.2,0.0945,1.957,0.0851,-0.0043,-6.2164,-64.9484,1.4567,-0.6329,-0.6329,0.0408,0,0,-0.0026,-0.001
0.2,0,1.9629,0.0847,-0.0043,-6.2199,-64.9434,1.4563,-0.6287,-0.6287,0.0404,0,0,-0.0026,-0.001
0.2,0,1.9679,0.085,-0.0043,-6.2144,-64.9519,1.4566,-0.6355,-0.6355,0.0407,0,0,-0.0026,-0.001
0.2,0.0599,1.9722,0.0849,-0.0043,-6.2136,-64.947,1.4564,-0.6356,-0.6356,0.0405,0,0,-0.0026,-0.001
0.2,0.1012,1.9758,0.0851,-0.0043,-6.2189,-64.925,1.4543,-0.627,-0.627,0.0384,0,0,-0.0026,-0.001
0.2,0,1.9789,0.0843,-0.0043,-6.2136,-64.9446,1.457,-0.6352,-0.6352,0.0411,0,0,-0.0026,-0.001
0.2,0.2229,1.9815,0.0848,-0.0043,-6.2117,-64.9552,1.4563,-0.6387,-0.6387,0.0404,0,0,-0.0026,-0.001
0.2,0.1984,1.9837,0.085,-0.0043,-6.2159,-64.931,1.4545,-0.6308,-0.6308,0.0386,0,0,-0.0026,-0.001
0.2,0.1088,1.9856,0.0843,-0.0043,-6.2099,-64.9491,1.4572,-0.6395,-0.6395,0.0413,0,0,-0.0026,-0.001
0.2,0.2436,1.9872,0.085,-0.0043,-6.2167,-64.9326,1.4541,-0.6302,-0.6302,0.0382,0,0,-0.0026,-0.001
0.2,0.1855,1.9886,0.084,-0.0043,-6.215,-64.9412,1.4564,-0.6333,-0.6333,0.0405,0,0,-0.0026,-0.001
0.2,0.172,1.9898,0.0841,-0.0043,-6.2153,-64.9492,1.4563,-0.6342,-0.6342,0.0404,0,0,-0.0026,-0.001
0.2,0.085,1.9908,0.0844,-0.0043,-6.2197,-64.9295,1.4544,-0.6269,-0.6269,0.0385,0,0,-0.0026,-0.001
0.2,0.0803,1.9916,0.0839,-0.0043,-6.2151,-64.9565,1.4568,-0.6355,-0.6355,0.0409,0,0,-0.0026,-0.001
0.2,0.1985,1.9923,0.0847,-0.0043,-6.2156,-64.9333,1.4545,-0.6314,-0.6314,0.0386,0,0,-0.0026,-0.001
0.2,0.2702,1.9929,0.0838,-0.0043,-6.2131,-64.9511,1.4571,-0.6366,-0.6366,0.0412,0,0,-0.0026,-0.001
0.2,0.2306,1.9934,0.0847,-0.0043,-6.2185,-64.9328,1.454,-0.6285,-0.6285,0.0381,0,0,-0.0026,-0.001
0.2,0.1769,1.9939,0.0838,-0.0043,-6.2128,-64.9498,1.4571,-0.6368,-0.6368,0.0412,0,0,-0.0026,-0.001
0.2,0.1846,1.9943,0.0847,-0.0043,-6.2175,-64.9299,1.4541,-0.6291,-0.6291,0.0382,0,0,-0.0026,-0.001
0.2,0.1728,1.9946,0.084,-0.0043,-6.213,-64.9441,1.4565,-0.6357,-0.6357,0.0406,0,0,-0.0026,-0.001
0.2,0.2002,1.9948,0.0841,-0.0043,-6.2117,-64.9467,1.4564,-0.6373,-0.6373,0.0405,0,0,-0.0026,-0.001
0.2,0.1448,1.9951,0.0844,-0.0043,-6.2177,-64.9263,1.4544,-0.6283,-0.6283,0.0385,0,0,-0.0026,-0.001
0.2,0,1.9953,0.0837,-0.0043,-6.2141,-64.9513,1.4569,-0.6357,-0.6357,0.041,0,0,-0.0026,-0.001
0.2,0.2094,1.9954,0.0845,-0.0043,-6.2193,-64.931,1.4541,-0.6275,-0.6275,0.0382,0,0,-0.0026,-0.001
0.2,0.2503,1.9956,0.0836,-0.0043,-6.2133,-64.9468,1.4571,-0.6358,-0.6358,0.0412,0,0,-0.0026,-0.001
0.2,0.205,1.9957,0.0846,-0.0043,-6.2165,-64.9316,1.4542,-0.6303,-0.6303,0.0383,0,0,-0.0026,-0.001
0.2,0.1626,1.9958,0.0835,-0.0043,-6.2155,-64.9469,1.457,-0.6336,-0.6336,0.0411,0,0,-0.0026,-0.001
0.2,0.1514,1.9959,0.0845,-0.0043,-6.2179,-64.9295,1.4542,-0.6286,-0.6286,0.0383,0,0,-0.0026,-0.001
0.2,0.1509,1.996,0.0836,-0.0043,-6.215,-64.9389,1.4566,-0.633,-0.633,0.0407,0,0,-0.0026,-0.001
0.2,0.1724,1.996,0.0841,-0.0043,-6.2122,-64.9482,1.4563,-0.6371,-0.6371,0.0404,0,0,-0.0026,-0.001
0.2,0.0943,1.9961,0.0844,-0.0043,-6.2184,-64.9291,1.4542,-0.628,-0.628,0.0384,0,0,-0.0026,-0.001
0.2,0.0975,1.9961,0.0838,-0.0043,-6.2124,-64.9577,1.4571,-0.6384,-0.6384,0.0412,0,0,-0.0026,-0.001
0.2,0.1966,1.9962,0.0846,-0.0043,-6.2159,-64.9365,1.4544,-0.6317,-0.6317,0.0385,0,0,-0.0026,-0.001
0.2,0.2884,1.9962,0.0838,-0.0043,-6.2119,-64.9478,1.4569,-0.6374,-0.6374,0.041,0,0,-0.0026,-0.001
0.2,0.2118,1.9962,0.0846,-0.0043,-6.2153,-64.9334,1.4544,-0.6318,-0.6318,0.0385,0,0,-0.0026,-0.001
0.2,0.1148,1.9962,0.0838,-0.0043,-6.2143,-64.9482,1.4566,-0.635,-0.635,0.0407,0,0,-0.0026,-0.001
0.2,0.1441,1.9963,0.0843,-0.0043,-6.2104,-64.9552,1.4563,-0.64,-0.64,0.0404,0,0,-0.0026,-0.001
0.2,0.1462,1.9963,0.0845,-0.0043,-6.2155,-64.9355,1.4547,-0.6319,-0.6319,0.0388,0,0,-0.0026,-0.001
0.2,0.0816,1.9963,0.084,-0.0043,-6.2112,-64.9598,1.4569,-0.6399,-0.6399,0.041,0,0,-0.0026,-0.001
0.2,0.201,1.9963,0.0846,-0.0043,-6.2171,-64.9413,1.4543,-0.6312,-0.6312,0.0384,0,0,-0.0026,-0.001
0.2,0.244,1.9963,0.084,-0.0043,-6.211,-64.9536,1.4568,-0.6392,-0.6392,0.0409,0,0,-0.0026,-0.001
0.2,0.1892,1.9963,0.0844,-0.0043,-6.2195,-64.9411,1.4543,-0.6288,-0.6288,0.0384,0,0,-0.0026,-0.001
