u_a,v_real,v_ref,u_delta,delta_d,px,py,theta1,cte,cte_real,epsi,vx,vy,kappa,beta
0.2001,0.0001,0.0201,0.0084,0.0378,14.1060,-4.7087,0.0000,0.0070,0.0070,-0.0049,0.0000,0.0000,0.0228,0.0091
0.2001,0.0001,0.0401,0.0167,0.0378,14.1035,-4.7069,0.0000,0.0085,0.0085,-0.0051,0.0000,0.0000,0.0228,0.0091
0.2002,0.0001,0.0601,0.0230,0.0378,14.1019,-4.7087,0.0000,0.0066,0.0066,-0.0038,0.0000,0.0000,0.0228,0.0091
0.2000,0.0001,0.0801,0.0287,0.0378,14.1088,-4.7099,0.0000,0.0061,0.0061,-0.0048,0.0000,0.0000,0.0228,0.0091
0.2000,0.0001,0.1001,0.0301,0.0378,14.1058,-4.7091,0.0000,0.0065,0.0065,-0.0030,0.0000,0.0000,0.0228,0.0091
0.2002,0.0706,0.1201,0.0307,0.0378,14.1044,-4.7069,0.0000,0.0087,0.0087,-0.0041,0.0000,0.0000,0.0228,0.0091
0.2000,0.0001,0.1401,0.0315,0.0378,14.1047,-4.7076,0.0000,0.0080,0.0080,-0.0039,0.0000,0.0000,0.0228,0.0091
0.2000,0.0001,0.1601,0.0320,0.0378,14.1064,-4.7097,0.0000,0.0060,0.0060,-0.0030,0.0000,0.0000,0.0228,0.0091
0.2000,0.0001,0.1801,0.0332,0.0378,14.1084,-4.7103,0.0000,0.0056,0.0056,-0.0043,0.0000,0.0000,0.0228,0.0091
0.2000,0.0001,0.2001,0.0342,0.0378,14.1016,-4.7099,0.0000,0.0054,0.0054,-0.0042,0.0000,0.0000,0.0228,0.0091
0.2000,0.0001,0.2201,0.0342,0.0378,14.1031,-4.7098,0.0000,0.0057,0.0057,-0.0029,0.0000,0.0000,0.0228,0.0091
0.2000,0.0673,0.2401,0.0338,0.0378,14.1017,-4.7092,0.0000,0.0061,0.0061,-0.0027,0.0000,0.0000,0.0228,0.0091
0.2000,0.0001,0.2601,0.0334,0.0378,14.0998,-4.7088,0.0000,0.0064,0.0064,-0.0020,0.0000,0.0000,0.0228,0.0091
0.2000,0.0001,0.2801,0.0333,0.0378,14.1018,-4.7102,0.0000,0.0052,0.0052,-0.0021,0.0000,0.0000,0.0228,0.0091
0.2000,0.0001,0.3001,0.0332,0.0378,14.1032,-4.7088,0.0000,0.0067,0.0067,-0.0027,0.0000,0.0000,0.0228,0.0091
0.2000,0.0001,0.3201,0.0332,0.0378,14.1105,-4.7092,0.0000,0.0068,0.0068,-0.0033,0.0000,0.0000,0.0228,0.0091
0.2000,0.0001,0.3401,0.0336,0.0378,14.1087,-4.7099,0.0000,0.0060,0.0060,-0.0036,0.0000,0.0000,0.0228,0.0091
0.2000,0.0725,0.3601,0.0333,0.0378,14.1115,-4.7100,0.0000,0.0062,0.0062,-0.0021,0.0000,0.0000,0.0228,0.0091
0.2000,0.0001,0.3801,0.0333,0.0378,14.1160,-4.7101,0.0000,0.0065,0.0065,-0.0027,0.0000,0.0000,0.0228,0.0091
0.2000,0.0001,0.4001,0.0335,0.0378,14.1275,-4.7108,0.0000,0.0068,0.0068,-0.0034,0.0000,0.0000,0.0228,0.0091
0.2000,0.0001,0.4201,0.0335,0.0378,14.1408,-4.7108,0.0000,0.0078,0.0078,-0.0033,0.0000,0.0000,0.0228,0.0091
0.2000,0.1149,0.4401,0.0333,0.0378,14.1533,-4.7123,0.0000,0.0075,0.0075,-0.0029,0.0000,0.0000,0.0228,0.0091
0.2000,0.1314,0.4601,0.0332,0.0378,14.1711,-4.7142,0.0000,0.0071,0.0071,-0.0027,0.0000,0.0000,0.0228,0.0091
0.2000,0.1248,0.4801,0.0328,0.0378,14.1880,-4.7149,0.0000,0.0079,0.0079,-0.0024,0.0000,0.0000,0.0228,0.0091
0.2000,0.1776,0.5001,0.0315,0.0378,14.2076,-4.7147,0.0000,0.0098,0.0098,-0.0014,0.0000,0.0000,0.0228,0.0091
0.2000,0.1682,0.5201,0.0306,0.0378,14.2405,-4.7208,0.0000,0.0066,0.0066,0.0004,0.0000,0.0000,0.0228,0.0091
0.2000,0.1945,0.5401,0.0299,0.0378,14.2636,-4.7212,0.0000,0.0082,0.0082,-0.0009,0.0000,0.0000,0.0228,0.0091
0.2000,0.3311,0.5601,0.0271,0.0378,14.2806,-4.7220,0.0000,0.0088,0.0088,0.0010,0.0000,0.0000,0.0228,0.0091
0.2000,0.2283,0.5801,0.0269,0.0378,14.3084,-4.7247,0.0000,0.0085,0.0085,-0.0003,0.0000,0.0000,0.0228,0.0091
0.2000,0.1697,0.6001,0.0266,0.0378,14.3373,-4.7298,0.0000,0.0059,0.0059,0.0020,0.0000,0.0000,0.0228,0.0091
0.2000,0.2771,0.6201,0.0242,0.0378,14.3628,-4.7255,0.0000,0.0124,0.0124,0.0010,0.0000,0.0000,0.0228,0.0091
0.2000,0.2902,0.6401,0.0211,0.0378,14.4067,-4.7281,0.0000,0.0136,0.0136,0.0026,0.0000,0.0000,0.0228,0.0091
0.2000,0.2553,0.6601,0.0191,0.0378,14.4432,-4.7306,0.0000,0.0143,0.0143,0.0030,0.0000,0.0000,0.0228,0.0091
0.2000,0.4366,0.6801,0.0107,0.0117,14.4850,-4.7340,0.0000,0.0144,0.0144,-0.0023,0.0000,0.0000,0.0071,0.0028
0.2000,0.3627,0.7001,0.0070,0.0117,14.5367,-4.7420,0.0000,0.0106,0.0106,-0.0004,0.0000,0.0000,0.0071,0.0028
0.2000,0.4151,0.7201,0.0020,0.0117,14.5830,-4.7405,0.0000,0.0157,0.0157,-0.0009,0.0000,0.0000,0.0071,0.0028
0.2000,0.5185,0.7401,-0.0043,0.0117,14.6427,-4.7455,0.0000,0.0156,0.0156,0.0008,0.0000,0.0000,0.0071,0.0028
0.2000,0.4589,0.7601,-0.0084,0.0117,14.6953,-4.7464,0.0000,0.0188,0.0188,0.0011,0.0000,0.0000,0.0071,0.0028
0.2000,0.5942,0.7801,-0.0143,0.0117,14.7401,-4.7459,0.0000,0.0229,0.0229,-0.0002,0.0000,0.0000,0.0071,0.0028
0.2000,0.5213,0.8001,-0.0166,0.0117,14.8097,-4.7529,0.0000,0.0215,0.0215,0.0018,0.0000,0.0000,0.0071,0.0028
0.2000,0.4443,0.8201,-0.0156,0.0117,14.8652,-4.7539,0.0000,0.0249,0.0249,-0.0007,0.0000,0.0000,0.0071,0.0028
0.2000,0.6930,0.8401,-0.0240,0.0117,14.9224,-4.7540,0.0000,0.0294,0.0294,-0.0016,0.0000,0.0000,0.0071,0.0028
0.2000,0.5494,0.8601,-0.0263,0.0117,14.9889,-4.7544,0.0000,0.0343,0.0343,-0.0026,0.0000,0.0000,0.0071,0.0028
0.2000,0.5676,0.8801,-0.0270,0.0117,15.0549,-4.7563,0.0000,0.0377,0.0377,-0.0044,0.0000,0.0000,0.0071,0.0028
0.2000,0.6586,0.9001,-0.0259,0.0117,15.1194,-4.7638,0.0000,0.0354,0.0354,-0.0054,0.0000,0.0000,0.0071,0.0028
0.2000,0.6538,0.9201,-0.0343,-0.0085,15.1907,-4.7678,0.0000,0.0364,0.0364,-0.0171,0.0000,0.0000,-0.0051,-0.0020
0.2000,0.6439,0.9401,-0.0259,-0.0085,15.2525,-4.7813,0.0000,0.0274,0.0274,-0.0203,0.0000,0.0000,-0.0051,-0.0020
0.2000,0.7081,0.9601,-0.0175,-0.0085,15.3372,-4.8035,0.0000,0.0112,0.0112,-0.0194,0.0000,0.0000,-0.0051,-0.0020
0.2000,0.6290,0.9801,-0.0091,-0.0085,15.3986,-4.8036,0.0000,0.0154,0.0154,-0.0217,0.0000,0.0000,-0.0051,-0.0020
0.2000,0.8679,1.0001,-0.0007,-0.0085,15.4831,-4.8044,0.0000,0.0206,0.0206,-0.0237,0.0000,0.0000,-0.0051,-0.0020
0.2000,0.6079,1.0201,0.0077,-0.0085,15.5749,-4.8157,0.0000,0.0157,0.0157,-0.0249,0.0000,0.0000,-0.0051,-0.0020
0.2000,0.8368,1.0401,0.0090,-0.0073,15.6657,-4.8189,0.0000,0.0192,0.0192,-0.0173,0.0000,0.0000,-0.0044,-0.0018
0.2000,0.9169,1.0601,0.0082,-0.0073,15.7456,-4.8210,0.0000,0.0235,0.0235,-0.0186,0.0000,0.0000,-0.0044,-0.0018
0.2000,0.9015,1.0801,0.0078,-0.0073,15.8143,-4.8260,0.0000,0.0238,0.0238,-0.0187,0.0000,0.0000,-0.0044,-0.0018
0.2000,0.7922,1.1001,0.0079,-0.0073,15.8932,-4.8364,0.0000,0.0196,0.0196,-0.0171,0.0000,0.0000,-0.0044,-0.0018
0.2000,0.6821,1.1201,0.0093,-0.0073,15.9531,-4.8420,0.0000,0.0187,0.0187,-0.0185,0.0000,0.0000,-0.0044,-0.0018
0.2000,0.7893,1.1401,0.0143,-0.0073,16.0387,-4.8582,0.0000,0.0093,0.0093,-0.0195,0.0000,0.0000,-0.0044,-0.0018
0.2000,0.8638,1.1601,0.0187,-0.0073,16.1264,-4.8757,0.0000,-0.0013,-0.0013,-0.0161,0.0000,0.0000,-0.0044,-0.0018
0.2000,0.8638,1.1801,0.0206,-0.0073,16.2179,-4.8794,0.0000,0.0022,0.0022,-0.0175,0.0000,0.0000,-0.0044,-0.0018
0.2000,0.8638,1.2001,0.0290,0.0313,16.3099,-4.8769,0.0000,0.0138,0.0138,0.0275,0.0000,0.0000,0.0189,0.0075
0.2000,0.9128,1.2201,0.0207,0.0313,16.4371,-4.8865,0.0000,0.0199,0.0199,0.0298,0.0000,0.0000,0.0189,0.0075
0.2000,0.9128,1.2401,0.0123,0.0313,16.5347,-4.8875,0.0000,0.0308,0.0308,0.0290,0.0000,0.0000,0.0189,0.0075
0.2000,0.9128,1.2601,0.0040,0.0313,16.6210,-4.8829,0.0000,0.0459,0.0459,0.0306,0.0000,0.0000,0.0189,0.0075
0.2000,0.9672,1.2801,-0.0044,0.0313,16.7180,-4.8849,0.0000,0.0558,0.0558,0.0327,0.0000,0.0000,0.0189,0.0075
0.2000,0.8580,1.3001,-0.0128,0.0313,16.8192,-4.8899,0.0000,0.0632,0.0632,0.0330,0.0000,0.0000,0.0189,0.0075
0.2000,0.9632,1.3201,-0.0212,-0.0436,16.9140,-4.9102,0.0000,0.0530,0.0530,-0.0753,0.0000,0.0000,-0.0263,-0.0105
0.2000,1.0049,1.3401,-0.0128,-0.0436,17.0136,-4.9207,0.0000,0.0439,0.0439,-0.0768,0.0000,0.0000,-0.0263,-0.0105
0.2000,0.9606,1.3601,-0.0044,-0.0436,17.1019,-4.9264,0.0000,0.0393,0.0393,-0.0773,0.0000,0.0000,-0.0263,-0.0105
0.2000,0.9934,1.3801,0.0040,-0.0436,17.2122,-4.9310,0.0000,0.0363,0.0363,-0.0788,0.0000,0.0000,-0.0263,-0.0105
0.2000,0.8767,1.4001,0.0124,-0.0436,17.3350,-4.9337,0.0000,0.0353,0.0353,-0.0805,0.0000,0.0000,-0.0263,-0.0105
0.2000,1.0944,1.4201,0.0208,-0.0436,17.4392,-4.9348,0.0000,0.0356,0.0356,-0.0807,0.0000,0.0000,-0.0263,-0.0105
0.2000,1.2179,1.4401,0.0292,-0.0028,17.5573,-4.9509,0.0000,0.0220,0.0220,-0.0343,0.0000,0.0000,-0.0017,-0.0007
0.2000,1.0328,1.4601,0.0308,-0.0028,17.6819,-4.9579,0.0000,0.0222,0.0222,-0.0319,0.0000,0.0000,-0.0017,-0.0007
0.2000,1.1813,1.4801,0.0286,-0.0028,17.8124,-4.9610,0.0000,0.0267,0.0267,-0.0287,0.0000,0.0000,-0.0017,-0.0007
0.2000,1.2954,1.5000,0.0261,-0.0028,17.9475,-4.9718,0.0000,0.0237,0.0237,-0.0258,0.0000,0.0000,-0.0017,-0.0007
0.2000,1.2954,1.5000,0.0202,-0.0028,18.0721,-4.9742,0.0000,0.0285,0.0285,-0.0239,0.0000,0.0000,-0.0017,-0.0007
0.2000,1.3436,1.5000,0.0118,-0.0259,18.2245,-4.9868,0.0000,0.0259,0.0259,0.0073,0.0000,0.0000,-0.0156,-0.0062
0.2000,1.2359,1.5000,0.0034,-0.0259,18.3333,-4.9894,0.0000,0.0324,0.0324,0.0104,0.0000,0.0000,-0.0156,-0.0062
0.0342,1.5163,1.5000,-0.0049,-0.0259,18.4680,-4.9933,0.0000,0.0399,0.0399,0.0121,0.0000,0.0000,-0.0156,-0.0062
0.2000,1.0804,1.5000,-0.0133,-0.0259,18.5940,-4.9943,0.0000,0.0494,0.0494,0.0117,0.0000,0.0000,-0.0156,-0.0062
0.1999,1.3363,1.5000,-0.0165,-0.0206,18.7169,-4.9976,0.0000,0.0566,0.0566,0.0180,0.0000,0.0000,-0.0124,-0.0050
0.2000,1.2496,1.5000,-0.0249,-0.0206,18.8472,-5.0108,0.0000,0.0552,0.0552,0.0170,0.0000,0.0000,-0.0124,-0.0050
0.2000,1.2189,1.5000,-0.0333,-0.0206,19.0035,-5.0225,0.0000,0.0576,0.0576,0.0143,0.0000,0.0000,-0.0124,-0.0050
0.2000,1.2991,1.5000,-0.0417,-0.0206,19.1610,-5.0335,0.0000,0.0608,0.0608,0.0115,0.0000,0.0000,-0.0124,-0.0050
-0.0000,1.5533,1.5000,-0.0499,-0.0206,19.2913,-5.0317,0.0000,0.0743,0.0743,0.0075,0.0000,0.0000,-0.0124,-0.0050
-0.1253,1.5661,1.5000,-0.0583,-0.0293,19.4368,-5.0375,0.0000,0.0783,0.0783,-0.0238,0.0000,0.0000,-0.0176,-0.0071
0.0748,1.2893,1.5000,-0.0651,-0.0293,19.5704,-5.0358,0.0000,0.0882,0.0882,-0.0303,0.0000,0.0000,-0.0176,-0.0071
0.0817,1.4437,1.5000,-0.0567,-0.0293,19.7149,-5.0460,0.0000,0.0870,0.0870,-0.0375,0.0000,0.0000,-0.0176,-0.0071
0.2000,1.3225,1.5000,-0.0483,-0.0293,19.8642,-5.0673,0.0000,0.0749,0.0749,-0.0437,0.0000,0.0000,-0.0176,-0.0071
0.1997,1.4357,1.5000,-0.0476,-0.0203,20.0012,-5.0843,0.0000,0.0697,0.0697,-0.0223,0.0000,0.0000,-0.0122,-0.0049
0.0589,1.4963,1.5000,-0.0411,-0.0203,20.1365,-5.0997,0.0000,0.0667,0.0667,-0.0297,0.0000,0.0000,-0.0122,-0.0049
0.1680,1.3693,1.5000,-0.0327,-0.0203,20.2755,-5.1145,0.0000,0.0647,0.0647,-0.0346,0.0000,0.0000,-0.0122,-0.0049
0.2000,1.3511,1.5000,-0.0350,-0.0310,20.4268,-5.1286,0.0000,0.0636,0.0636,-0.0710,0.0000,0.0000,-0.0187,-0.0075
0.1829,1.3858,1.5000,-0.0267,-0.0310,20.5885,-5.1510,0.0000,0.0514,0.0514,-0.0734,0.0000,0.0000,-0.0187,-0.0075
0.0426,1.5059,1.5000,-0.0183,-0.0310,20.7345,-5.1685,0.0000,0.0432,0.0432,-0.0785,0.0000,0.0000,-0.0187,-0.0075
-0.1363,1.6186,1.5000,-0.0099,-0.0310,20.8815,-5.1943,0.0000,0.0268,0.0268,-0.0845,0.0000,0.0000,-0.0187,-0.0075
0.0200,1.4573,1.5000,-0.0015,-0.0038,21.0606,-5.2144,0.0000,0.0271,0.0271,-0.0256,0.0000,0.0000,-0.0023,-0.0009
0.0258,1.4817,1.5000,0.0069,-0.0038,21.1908,-5.2243,0.0000,0.0333,0.0333,-0.0298,0.0000,0.0000,-0.0023,-0.0009
-0.1742,1.7858,1.5000,0.0153,-0.0038,21.3330,-5.2321,0.0000,0.0431,0.0431,-0.0317,0.0000,0.0000,-0.0023,-0.0009
0.0262,1.2935,1.5000,0.0069,-0.0107,21.5028,-5.2511,0.0000,0.0450,0.0450,-0.0328,0.0000,0.0000,-0.0064,-0.0026
0.1757,1.4112,1.5000,-0.0015,-0.0107,21.6388,-5.2685,0.0000,0.0441,0.0441,-0.0340,0.0000,0.0000,-0.0064,-0.0026
-0.0251,1.6946,1.5000,-0.0099,-0.0107,21.7960,-5.2823,0.0000,0.0493,0.0493,-0.0292,0.0000,0.0000,-0.0064,-0.0026
0.1758,1.3597,1.5000,-0.0049,-0.0107,21.9289,-5.3027,0.0000,0.0450,0.0450,-0.0298,0.0000,0.0000,-0.0064,-0.0026
-0.0244,1.5659,1.5000,-0.0133,-0.0444,22.0762,-5.3158,0.0000,0.0483,0.0483,-0.0385,0.0000,0.0000,-0.0268,-0.0107
0.1754,1.3331,1.5000,-0.0214,-0.0444,22.2154,-5.3271,0.0000,0.0522,0.0522,-0.0418,0.0000,0.0000,-0.0268,-0.0107
0.1053,1.4678,1.5000,-0.0212,-0.0444,22.3663,-5.3436,0.0000,0.0522,0.0522,-0.0403,0.0000,0.0000,-0.0268,-0.0107
0.1995,1.3830,1.5000,-0.0194,-0.0444,22.5049,-5.3529,0.0000,0.0581,0.0581,-0.0450,0.0000,0.0000,-0.0268,-0.0107
0.0467,1.5060,1.5000,-0.0197,-0.0363,22.6305,-5.3592,0.0000,0.0671,0.0671,-0.0298,0.0000,0.0000,-0.0219,-0.0087
0.2000,1.3755,1.5000,-0.0278,-0.0363,22.7804,-5.3799,0.0000,0.0653,0.0653,-0.0301,0.0000,0.0000,-0.0219,-0.0087
0.2000,1.2456,1.5000,-0.0304,-0.0363,22.9104,-5.3872,0.0000,0.0743,0.0743,-0.0354,0.0000,0.0000,-0.0219,-0.0087
0.0959,1.5003,1.5000,-0.0385,-0.0363,23.0471,-5.4007,0.0000,0.0780,0.0780,-0.0367,0.0000,0.0000,-0.0219,-0.0087
0.2000,1.2889,1.5000,-0.0469,-0.0894,23.1825,-5.4136,0.0000,0.0813,0.0813,-0.0546,0.0000,0.0000,-0.0540,-0.0216
0.2001,1.3619,1.5000,-0.0553,-0.0894,23.3222,-5.4208,0.0000,0.0898,0.0898,-0.0594,0.0000,0.0000,-0.0540,-0.0216
0.2000,1.3471,1.5000,-0.0469,-0.0894,23.4904,-5.4545,0.0000,0.0752,0.0752,-0.0655,0.0000,0.0000,-0.0540,-0.0216
0.1849,1.3842,1.5000,-0.0385,-0.0894,23.6290,-5.4727,0.0000,0.0726,0.0726,-0.0745,0.0000,0.0000,-0.0540,-0.0216
-0.0155,1.7015,1.5000,-0.0301,-0.0492,23.7627,-5.4946,0.0000,0.0668,0.0668,-0.0615,0.0000,0.0000,-0.0296,-0.0119
0.1268,1.3844,1.5000,-0.0217,-0.0492,23.8853,-5.5159,0.0000,0.0618,0.0618,-0.0647,0.0000,0.0000,-0.0296,-0.0119
0.1997,1.3424,1.5000,-0.0133,-0.0492,24.0257,-5.5413,0.0000,0.0551,0.0551,-0.0724,0.0000,0.0000,-0.0296,-0.0119
0.2000,1.2337,1.5000,-0.0049,-0.0492,24.1682,-5.5655,0.0000,0.0498,0.0498,-0.0747,0.0000,0.0000,-0.0296,-0.0119
0.1503,1.4141,1.5000,-0.0133,-0.0918,24.3187,-5.5924,0.0000,0.0430,0.0430,-0.0685,0.0000,0.0000,-0.0555,-0.0222
0.1151,1.4332,1.5000,-0.0049,-0.0918,24.4448,-5.6210,0.0000,0.0323,0.0323,-0.0731,0.0000,0.0000,-0.0555,-0.0222
0.0132,1.5159,1.5000,0.0035,-0.0918,24.5800,-5.6440,0.0000,0.0283,0.0283,-0.0710,0.0000,0.0000,-0.0555,-0.0222
0.2000,1.2821,1.5000,0.0119,-0.0918,24.7170,-5.6696,0.0000,0.0222,0.0222,-0.0755,0.0000,0.0000,-0.0555,-0.0222
0.2000,1.3601,1.5000,0.0203,-0.0587,24.8570,-5.6965,0.0000,0.0163,0.0163,-0.0311,0.0000,0.0000,-0.0354,-0.0142
0.1996,1.3819,1.5000,0.0213,-0.0587,24.9843,-5.7329,0.0000,0.0036,0.0036,-0.0314,0.0000,0.0000,-0.0354,-0.0142
0.1712,1.4136,1.5000,0.0129,-0.0587,25.1135,-5.7512,0.0000,0.0090,0.0090,-0.0280,0.0000,0.0000,-0.0354,-0.0142
0.2000,1.3126,1.5000,0.0085,-0.0587,25.2497,-5.7840,0.0000,0.0014,0.0014,-0.0257,0.0000,0.0000,-0.0354,-0.0142
0.2000,1.2951,1.5000,0.0001,-0.1157,25.3798,-5.8133,0.0000,-0.0037,-0.0037,-0.0236,0.0000,0.0000,-0.0700,-0.0280
0.1748,1.3888,1.5000,-0.0083,-0.1157,25.5040,-5.8264,0.0000,0.0062,0.0062,-0.0206,0.0000,0.0000,-0.0700,-0.0280
0.2000,1.3218,1.5000,-0.0167,-0.1157,25.6531,-5.8430,0.0000,0.0171,0.0171,-0.0198,0.0000,0.0000,-0.0700,-0.0280
0.2000,1.2405,1.5000,-0.0251,-0.1157,25.8022,-5.8665,0.0000,0.0213,0.0213,-0.0202,0.0000,0.0000,-0.0700,-0.0280
0.0688,1.4878,1.5000,-0.0335,-0.1223,25.9437,-5.8893,0.0000,0.0311,0.0311,0.0509,0.0000,0.0000,-0.0740,-0.0296
0.0244,1.4960,1.5000,-0.0419,-0.1223,26.0914,-5.9207,0.0000,0.0383,0.0383,0.0487,0.0000,0.0000,-0.0740,-0.0296
0.0918,1.4207,1.5000,-0.0503,-0.1223,26.2304,-5.9368,0.0000,0.0580,0.0580,0.0447,0.0000,0.0000,-0.0740,-0.0296
0.0283,1.4977,1.5000,-0.0587,-0.1223,26.3652,-5.9588,0.0000,0.0709,0.0709,0.0380,0.0000,0.0000,-0.0740,-0.0296
0.1509,1.3857,1.5000,-0.0671,-0.1744,26.4972,-5.9895,0.0000,0.0684,0.0684,-0.0185,0.0000,0.0000,-0.1061,-0.0424
0.1941,1.3527,1.5000,-0.0755,-0.1744,26.6307,-6.0208,0.0000,0.0650,0.0650,-0.0246,0.0000,0.0000,-0.1061,-0.0424
0.2000,1.3437,1.5000,-0.0839,-0.1744,26.7671,-6.0514,0.0000,0.0628,0.0628,-0.0315,0.0000,0.0000,-0.1061,-0.0424
0.2001,1.3603,1.5000,-0.0923,-0.1744,26.9043,-6.0867,0.0000,0.0563,0.0563,-0.0381,0.0000,0.0000,-0.1061,-0.0424
0.1774,1.3857,1.5000,-0.0839,-0.1244,27.0465,-6.1137,0.0000,0.0649,0.0649,0.0365,0.0000,0.0000,-0.0753,-0.0301
0.1523,1.4058,1.5000,-0.0923,-0.1244,27.1853,-6.1488,0.0000,0.0709,0.0709,0.0282,0.0000,0.0000,-0.0753,-0.0301
0.1157,1.4331,1.5000,-0.1007,-0.1244,27.3269,-6.1903,0.0000,0.0715,0.0715,0.0196,0.0000,0.0000,-0.0753,-0.0301
0.1151,1.4195,1.5000,-0.1091,-0.1244,27.4701,-6.2330,0.0000,0.0714,0.0714,0.0118,0.0000,0.0000,-0.0753,-0.0301
0.0716,1.4650,1.5000,-0.1175,-0.1740,27.6026,-6.2734,0.0000,0.0693,0.0693,-0.0065,0.0000,0.0000,-0.1059,-0.0423
0.0418,1.4823,1.5000,-0.1258,-0.1740,27.7258,-6.3086,0.0000,0.0693,0.0693,-0.0162,0.0000,0.0000,-0.1059,-0.0423
0.1560,1.3744,1.5000,-0.1342,-0.1740,27.8663,-6.3514,0.0000,0.0668,0.0668,-0.0260,0.0000,0.0000,-0.1059,-0.0423
0.2000,1.2713,1.5000,-0.1426,-0.1740,28.0098,-6.3959,0.0000,0.0635,0.0635,-0.0361,0.0000,0.0000,-0.1059,-0.0423
0.1087,1.4562,1.5000,-0.1342,-0.1104,28.1428,-6.4443,0.0000,0.0666,0.0666,0.0456,0.0000,0.0000,-0.0668,-0.0267
0.0404,1.4903,1.5000,-0.1426,-0.1104,28.2758,-6.4938,0.0000,0.0686,0.0686,0.0333,0.0000,0.0000,-0.0668,-0.0267
0.1654,1.4061,1.5000,-0.1510,-0.1104,28.3998,-6.5338,0.0000,0.0762,0.0762,0.0217,0.0000,0.0000,-0.0668,-0.0267
0.1454,1.4093,1.5000,-0.1594,-0.1197,28.5368,-6.5883,0.0000,0.0781,0.0781,0.0937,0.0000,0.0000,-0.0725,-0.0290
0.2000,1.2913,1.5000,-0.1677,-0.1197,28.6699,-6.6535,0.0000,0.0778,0.0778,0.0809,0.0000,0.0000,-0.0725,-0.0290
0.1073,1.4648,1.5000,-0.1761,-0.1197,28.7952,-6.7135,0.0000,0.0787,0.0787,0.0690,0.0000,0.0000,-0.0725,-0.0290
0.0573,1.4761,1.5000,-0.1845,-0.1197,28.9199,-6.7605,0.0000,0.0910,0.0910,0.0554,0.0000,0.0000,-0.0725,-0.0290
0.2004,1.3831,1.5000,-0.1929,-0.1338,29.0590,-6.8273,0.0000,0.0950,0.0950,0.0755,0.0000,0.0000,-0.0811,-0.0324
0.2000,1.3205,1.5000,-0.2013,-0.1338,29.1686,-6.8866,0.0000,0.0943,0.0943,0.0594,0.0000,0.0000,-0.0811,-0.0324
0.0107,1.5360,1.5000,-0.2097,-0.1338,29.2888,-6.9508,0.0000,0.0943,0.0943,0.0422,0.0000,0.0000,-0.0811,-0.0324
0.2000,1.2440,1.5000,-0.2181,-0.1338,29.4084,-7.0195,0.0000,0.0900,0.0900,0.0247,0.0000,0.0000,-0.0811,-0.0324
0.1999,1.3585,1.5000,-0.2265,-0.1715,29.5281,-7.0884,0.0000,0.0851,0.0851,0.0017,0.0000,0.0000,-0.1043,-0.0417
0.1954,1.3753,1.5000,-0.2199,-0.1715,29.6523,-7.1621,0.0000,0.0778,0.0778,-0.0175,0.0000,0.0000,-0.1043,-0.0417
0.1891,1.3765,1.5000,-0.2115,-0.1715,29.7619,-7.2445,0.0000,0.0561,0.0561,-0.0389,0.0000,0.0000,-0.1043,-0.0417
0.1198,1.4389,1.5000,-0.2031,-0.1715,29.8733,-7.3252,0.0000,0.0367,0.0367,-0.0573,0.0000,0.0000,-0.1043,-0.0417
0.1998,1.3773,1.5000,-0.2115,-0.1882,29.9844,-7.4196,0.0000,0.0131,0.0131,-0.0047,0.0000,0.0000,-0.1147,-0.0459
0.1950,1.3757,1.5000,-0.2031,-0.1882,30.0797,-7.4984,0.0000,-0.0033,-0.0033,-0.0236,0.0000,0.0000,-0.1147,-0.0459
0.0988,1.4638,1.5000,-0.1947,-0.1882,30.1932,-7.5864,0.0000,-0.0179,-0.0179,-0.0421,0.0000,0.0000,-0.1147,-0.0459
0.2000,1.2415,1.5000,-0.1865,-0.1882,30.2927,-7.6753,0.0000,-0.0406,-0.0406,-0.0613,0.0000,0.0000,-0.1147,-0.0459
0.1299,1.4333,1.5000,-0.1949,-0.2265,30.3892,-7.7629,0.0000,-0.0647,-0.0647,-0.0893,0.0000,0.0000,-0.1389,-0.0555
0.2000,1.3377,1.5000,-0.1865,-0.2265,30.4891,-7.8565,0.0000,-0.0926,-0.0926,-0.1057,0.0000,0.0000,-0.1389,-0.0555
0.2000,1.3038,1.5000,-0.1783,-0.2265,30.5975,-7.9538,0.0000,-0.1193,-0.1193,-0.1214,0.0000,0.0000,-0.1389,-0.0555
0.2000,1.3685,1.5000,-0.1699,-0.2265,30.6964,-8.0463,0.0000,-0.1469,-0.1469,-0.1387,0.0000,0.0000,-0.1389,-0.0555
0.1188,1.4514,1.5000,-0.1615,-0.1484,30.7915,-8.1399,0.0000,-0.1729,-0.1729,-0.0442,0.0000,0.0000,-0.0901,-0.0360
0.1913,1.3516,1.5000,-0.1531,-0.1484,30.8881,-8.2329,0.0000,-0.1874,-0.1874,-0.0588,0.0000,0.0000,-0.0901,-0.0360
0.2000,1.3317,1.5000,-0.1448,-0.1484,30.9826,-8.3283,0.0000,-0.2053,-0.2053,-0.0726,0.0000,0.0000,-0.0901,-0.0360
0.2000,1.3356,1.5000,-0.1364,-0.1484,31.0791,-8.4308,0.0000,-0.2275,-0.2275,-0.0863,0.0000,0.0000,-0.0901,-0.0360
0.2000,1.3375,1.5000,-0.1448,-0.2394,31.1714,-8.5262,0.0000,-0.2464,-0.2464,-0.0311,0.0000,0.0000,-0.1470,-0.0587
0.2000,1.3201,1.5000,-0.1364,-0.2394,31.2670,-8.6264,0.0000,-0.2582,-0.2582,-0.0427,0.0000,0.0000,-0.1470,-0.0587
0.2000,1.3201,1.5000,-0.1280,-0.2394,31.3696,-8.7272,0.0000,-0.2658,-0.2658,-0.0553,0.0000,0.0000,-0.1470,-0.0587
0.1937,1.3768,1.5000,-0.1196,-0.2394,31.4638,-8.8326,0.0000,-0.2823,-0.2823,-0.0665,0.0000,0.0000,-0.1470,-0.0587
0.2001,1.3768,1.5000,-0.1112,-0.2394,31.5482,-8.9425,0.0000,-0.3087,-0.3087,-0.0776,0.0000,0.0000,-0.1470,-0.0587
0.1347,1.4280,1.5000,-0.1028,-0.2221,31.6464,-9.0466,0.0000,-0.3128,-0.3128,-0.0232,0.0000,0.0000,-0.1360,-0.0544
0.1632,1.3811,1.5000,-0.0944,-0.2221,31.7435,-9.1518,0.0000,-0.3182,-0.3182,-0.0339,0.0000,0.0000,-0.1360,-0.0544
0.1334,1.4195,1.5000,-0.0860,-0.2221,31.8340,-9.2637,0.0000,-0.3329,-0.3329,-0.0442,0.0000,0.0000,-0.1360,-0.0544
0.1225,1.4216,1.5000,-0.0776,-0.2221,31.9286,-9.3771,0.0000,-0.3458,-0.3458,-0.0544,0.0000,0.0000,-0.1360,-0.0544
0.1076,1.4307,1.5000,-0.0692,-0.1766,32.0264,-9.4833,0.0000,-0.3374,-0.3374,0.0472,0.0000,0.0000,-0.1075,-0.0430
0.0662,1.4671,1.5000,-0.0776,-0.1766,32.1153,-9.5880,0.0000,-0.3329,-0.3329,0.0387,0.0000,0.0000,-0.1075,-0.0430
0.0939,1.4310,1.5000,-0.0860,-0.1766,32.2153,-9.6978,0.0000,-0.3229,-0.3229,0.0305,0.0000,0.0000,-0.1075,-0.0430
0.1752,1.3633,1.5000,-0.0875,-0.1696,32.3129,-9.8149,0.0000,-0.3190,-0.3190,0.0824,0.0000,0.0000,-0.1032,-0.0412
0.0797,1.4718,1.5000,-0.0959,-0.1696,32.4093,-9.9247,0.0000,-0.3032,-0.3032,0.0765,0.0000,0.0000,-0.1032,-0.0412
0.0076,1.5121,1.5000,-0.1043,-0.1696,32.5027,-10.0455,0.0000,-0.2962,-0.2962,0.0683,0.0000,0.0000,-0.1032,-0.0412
-0.0127,1.5151,1.5000,-0.1034,-0.1696,32.5761,-10.1540,0.0000,-0.2984,-0.2984,0.0612,0.0000,0.0000,-0.1032,-0.0412
-0.0196,1.5151,1.5000,-0.1118,-0.2030,32.6586,-10.2754,0.0000,-0.3009,-0.3009,0.0204,0.0000,0.0000,-0.1240,-0.0496
0.1804,1.3030,1.5000,-0.1034,-0.2030,32.7421,-10.3995,0.0000,-0.3087,-0.3087,0.0100,0.0000,0.0000,-0.1240,-0.0496
0.1024,1.4588,1.5000,-0.0970,-0.2030,32.8322,-10.5182,0.0000,-0.3080,-0.3080,0.0023,0.0000,0.0000,-0.1240,-0.0496
0.0438,1.4867,1.5000,-0.0907,-0.2030,32.9113,-10.6337,0.0000,-0.3142,-0.3142,-0.0062,0.0000,0.0000,-0.1240,-0.0496
0.0356,1.4784,1.5000,-0.0823,-0.1166,32.9940,-10.7599,0.0000,-0.3102,-0.3102,0.2098,0.0000,0.0000,-0.0706,-0.0282
0.1311,1.3901,1.5000,-0.0907,-0.1166,33.0802,-10.8737,0.0000,-0.2778,-0.2778,0.2015,0.0000,0.0000,-0.0706,-0.0282
0.0364,1.4995,1.5000,-0.0991,-0.1166,33.1619,-10.9909,0.0000,-0.2509,-0.2509,0.1943,0.0000,0.0000,-0.0706,-0.0282
0.1023,1.4150,1.5000,-0.1075,-0.1166,33.2322,-11.1140,0.0000,-0.2369,-0.2369,0.1876,0.0000,0.0000,-0.0706,-0.0282
0.1147,1.4172,1.5000,-0.1030,-0.1036,33.3135,-11.2360,0.0000,-0.2096,-0.2096,0.2098,0.0000,0.0000,-0.0626,-0.0250
0.1275,1.4090,1.5000,-0.1114,-0.1036,33.3887,-11.3397,0.0000,-0.1795,-0.1795,0.2010,0.0000,0.0000,-0.0626,-0.0250
0.0861,1.4540,1.5000,-0.1198,-0.1036,33.4730,-11.4433,0.0000,-0.1408,-0.1408,0.1918,0.0000,0.0000,-0.0626,-0.0250
0.2000,1.2701,1.5000,-0.1282,-0.1036,33.5366,-11.5461,0.0000,-0.1211,-0.1211,0.1852,0.0000,0.0000,-0.0626,-0.0250
0.2000,1.3205,1.5000,-0.1366,-0.1270,33.5973,-11.6743,0.0000,-0.1128,-0.1128,0.2000,0.0000,0.0000,-0.0769,-0.0308
0.2000,1.2001,1.5000,-0.1450,-0.1270,33.6608,-11.7898,0.0000,-0.0947,-0.0947,0.1902,0.0000,0.0000,-0.0769,-0.0308
0.1509,1.4138,1.5000,-0.1534,-0.1270,33.7269,-11.9097,0.0000,-0.0757,-0.0757,0.1790,0.0000,0.0000,-0.0769,-0.0308
0.2000,1.3103,1.5000,-0.1617,-0.1270,33.7978,-12.0297,0.0000,-0.0523,-0.0523,0.1681,0.0000,0.0000,-0.0769,-0.0308
0.2000,1.3611,1.5000,-0.1701,-0.1270,33.8626,-12.1534,0.0000,-0.0358,-0.0358,0.1560,0.0000,0.0000,-0.0769,-0.0308
0.1825,1.3834,1.5000,-0.1678,-0.1163,33.9181,-12.2691,0.0000,-0.0202,-0.0202,0.1890,0.0000,0.0000,-0.0704,-0.0281
0.1729,1.3885,1.5000,-0.1762,-0.1163,33.9752,-12.3797,0.0000,-0.0006,-0.0006,0.1757,0.0000,0.0000,-0.0704,-0.0281
0.2000,1.2783,1.5000,-0.1846,-0.1163,34.0222,-12.4877,0.0000,0.0103,0.0103,0.1621,0.0000,0.0000,-0.0704,-0.0281
0.2000,1.2370,1.5000,-0.1930,-0.1163,34.0858,-12.5848,0.0000,0.0403,0.0403,0.1466,0.0000,0.0000,-0.0704,-0.0281
0.2000,1.1750,1.5000,-0.2013,-0.1163,34.1454,-12.6884,0.0000,0.0645,0.0645,0.1325,0.0000,0.0000,-0.0704,-0.0281
0.2000,1.1451,1.5000,-0.2097,-0.1258,34.1937,-12.7924,0.0000,0.0811,0.0811,0.1437,0.0000,0.0000,-0.0762,-0.0305
0.2000,1.1832,1.5000,-0.2181,-0.1258,34.2400,-12.9138,0.0000,0.0908,0.0908,0.1288,0.0000,0.0000,-0.0762,-0.0305
0.2000,1.1400,1.5000,-0.2265,-0.1258,34.2738,-13.0327,0.0000,0.0893,0.0893,0.1121,0.0000,0.0000,-0.0762,-0.0305
0.2000,1.2955,1.5000,-0.2349,-0.1258,34.3082,-13.1596,0.0000,0.0859,0.0859,0.0946,0.0000,0.0000,-0.0762,-0.0305
0.2000,1.2389,1.5000,-0.2265,-0.0986,34.3482,-13.2834,0.0000,0.0902,0.0902,0.1554,0.0000,0.0000,-0.0596,-0.0238
0.2000,1.3172,1.5000,-0.2349,-0.0986,34.3848,-13.4012,0.0000,0.1014,0.1014,0.1359,0.0000,0.0000,-0.0596,-0.0238
0.2000,1.2994,1.5000,-0.2432,-0.0986,34.4158,-13.5281,0.0000,0.1051,0.1051,0.1179,0.0000,0.0000,-0.0596,-0.0238
0.2000,1.2325,1.5000,-0.2463,-0.0986,34.4414,-13.6619,0.0000,0.1022,0.1022,0.0996,0.0000,0.0000,-0.0596,-0.0238
0.2000,1.3060,1.5000,-0.2379,-0.0986,34.4584,-13.7759,0.0000,0.0950,0.0950,0.0804,0.0000,0.0000,-0.0596,-0.0238
0.2000,1.3665,1.5000,-0.2332,-0.1023,34.4909,-13.9121,0.0000,0.0987,0.0987,0.0652,0.0000,0.0000,-0.0618,-0.0247
0.2000,1.1604,1.5000,-0.2248,-0.1023,34.5125,-14.0519,0.0000,0.0916,0.0916,0.0445,0.0000,0.0000,-0.0618,-0.0247
0.1664,1.3973,1.5000,-0.2164,-0.1023,34.5221,-14.2005,0.0000,0.0710,0.0710,0.0230,0.0000,0.0000,-0.0618,-0.0247
0.1348,1.4180,1.5000,-0.2080,-0.1023,34.5345,-14.3274,0.0000,0.0575,0.0575,0.0045,0.0000,0.0000,-0.0618,-0.0247
0.0383,1.4984,1.5000,-0.1996,-0.1023,34.5575,-14.4587,0.0000,0.0534,0.0534,-0.0164,0.0000,0.0000,-0.0618,-0.0247
0.2002,1.2781,1.5000,-0.1912,-0.0823,34.5685,-14.5887,0.0000,0.0465,0.0465,0.0352,0.0000,0.0000,-0.0497,-0.0199
0.2000,1.3285,1.5000,-0.1828,-0.0823,34.5872,-14.7402,0.0000,0.0453,0.0453,0.0189,0.0000,0.0000,-0.0497,-0.0199
0.2000,1.3069,1.5000,-0.1744,-0.0823,34.5947,-14.8875,0.0000,0.0336,0.0336,0.0003,0.0000,0.0000,-0.0497,-0.0199
0.0320,1.5189,1.5000,-0.1660,-0.0823,34.5953,-15.0223,0.0000,0.0166,0.0166,-0.0167,0.0000,0.0000,-0.0497,-0.0199
0.0371,1.4739,1.5000,0.0000,-0.0489,34.6035,-15.1645,0.0000,0.0071,0.0071,-0.0044,0.0000,0.0000,-0.0295,-0.0118
0.2001,1.3485,1.5000,0.0082,-0.0489,34.6074,-15.3155,0.0000,-0.0045,-0.0045,-0.0196,0.0000,0.0000,-0.0295,-0.0118
0.1541,1.4186,1.5000,0.0165,-0.0489,34.6186,-15.4683,0.0000,-0.0089,-0.0089,-0.0350,0.0000,0.0000,-0.0295,-0.0118
0.0371,1.5037,1.5000,0.0249,-0.0489,34.6033,-15.6081,0.0000,-0.0384,-0.0384,-0.0476,0.0000,0.0000,-0.0295,-0.0118
-0.0116,1.5216,1.5000,0.0333,-0.0389,34.5963,-15.7526,0.0000,-0.0554,-0.0554,-0.0121,0.0000,0.0000,-0.0234,-0.0094
0.0976,1.4059,1.5000,0.0417,-0.0389,34.5872,-15.8983,0.0000,-0.0729,-0.0729,-0.0230,0.0000,0.0000,-0.0234,-0.0094
0.0965,1.4402,1.5000,0.0501,-0.0389,34.5886,-16.0496,0.0000,-0.0801,-0.0801,-0.0326,0.0000,0.0000,-0.0234,-0.0094
0.0816,1.4538,1.5000,0.0585,-0.0389,34.5838,-16.1934,0.0000,-0.0931,-0.0931,-0.0422,0.0000,0.0000,-0.0234,-0.0094
0.2000,1.5020,1.5200,0.0628,-0.0290,34.5764,-16.3399,0.0000,-0.1077,-0.1077,-0.0166,0.0000,0.0000,-0.0174,-0.0070
0.2000,1.4306,1.5400,0.0673,-0.0290,34.5717,-16.4865,0.0000,-0.1161,-0.1161,-0.0221,0.0000,0.0000,-0.0174,-0.0070
0.2000,1.4560,1.5600,0.0725,-0.0290,34.5617,-16.6236,0.0000,-0.1296,-0.1296,-0.0282,0.0000,0.0000,-0.0174,-0.0070
0.2000,1.4556,1.5800,0.0758,-0.0290,34.5571,-16.7755,0.0000,-0.1381,-0.1381,-0.0327,0.0000,0.0000,-0.0174,-0.0070
0.2000,1.3657,1.6000,0.0773,-0.0290,34.5557,-16.9189,0.0000,-0.1432,-0.1432,-0.0360,0.0000,0.0000,-0.0174,-0.0070
0.2000,1.5071,1.6200,0.0740,-0.0241,34.5584,-17.0719,0.0000,-0.1426,-0.1426,-0.0221,0.0000,0.0000,-0.0145,-0.0058
0.2000,1.4219,1.6400,0.0723,-0.0241,34.5530,-17.2184,0.0000,-0.1496,-0.1496,-0.0211,0.0000,0.0000,-0.0145,-0.0058
0.2000,1.5177,1.6600,0.0715,-0.0241,34.5495,-17.3672,0.0000,-0.1547,-0.1547,-0.0195,0.0000,0.0000,-0.0145,-0.0058
0.2000,1.4534,1.6800,0.0692,-0.0241,34.5509,-17.5128,0.0000,-0.1549,-0.1549,-0.0168,0.0000,0.0000,-0.0145,-0.0058
0.2000,1.4751,1.7000,0.0668,-0.0181,34.5527,-17.6657,0.0000,-0.1516,-0.1516,0.0206,0.0000,0.0000,-0.0109,-0.0044
0.2000,1.4434,1.7200,0.0584,-0.0181,34.5521,-17.8012,0.0000,-0.1490,-0.1490,0.0258,0.0000,0.0000,-0.0109,-0.0044
0.2000,1.5169,1.7400,0.0502,-0.0181,34.5480,-17.9483,0.0000,-0.1496,-0.1496,0.0340,0.0000,0.0000,-0.0109,-0.0044
0.2000,1.3440,1.7600,0.0420,-0.0181,34.5593,-18.0872,0.0000,-0.1351,-0.1351,0.0385,0.0000,0.0000,-0.0109,-0.0044
0.2000,1.4584,1.7800,0.0336,-0.0390,34.5785,-18.2459,0.0000,-0.1127,-0.1127,0.0104,0.0000,0.0000,-0.0235,-0.0094
0.2000,1.3826,1.8000,0.0252,-0.0390,34.5932,-18.3935,0.0000,-0.0993,-0.0993,0.0143,0.0000,0.0000,-0.0235,-0.0094
0.2000,1.5873,1.8200,0.0169,-0.0390,34.6038,-18.5470,0.0000,-0.0901,-0.0901,0.0200,0.0000,0.0000,-0.0235,-0.0094
0.2000,1.4725,1.8400,0.0085,-0.0390,34.6219,-18.7051,0.0000,-0.0733,-0.0733,0.0218,0.0000,0.0000,-0.0235,-0.0094
0.2000,1.5271,1.8600,0.0063,-0.0329,34.6262,-18.8674,0.0000,-0.0672,-0.0672,0.0498,0.0000,0.0000,-0.0198,-0.0079
0.2000,1.5780,1.8800,-0.0021,-0.0329,34.6425,-19.0384,0.0000,-0.0482,-0.0482,0.0507,0.0000,0.0000,-0.0198,-0.0079
-0.1598,1.6099,1.8452,-0.0105,-0.0329,34.6515,-19.2196,0.0000,-0.0364,-0.0364,0.0527,0.0000,0.0000,-0.0198,-0.0079
-0.2000,1.7034,1.8155,-0.0177,-0.0317,34.6508,-19.3659,0.0000,-0.0339,-0.0339,0.0640,0.0000,0.0000,-0.0191,-0.0076
-0.2000,1.7995,1.7904,-0.0261,-0.0317,34.6602,-19.5479,0.0000,-0.0197,-0.0197,0.0656,0.0000,0.0000,-0.0191,-0.0076
0.2000,1.4506,1.8104,-0.0345,-0.0317,34.6610,-19.7309,0.0000,-0.0140,-0.0140,0.0627,0.0000,0.0000,-0.0191,-0.0076
-0.2000,1.8066,1.7860,-0.0272,-0.0160,34.6742,-19.9045,0.0000,0.0040,0.0040,0.0654,0.0000,0.0000,-0.0096,-0.0039
-0.2001,1.8152,1.7652,-0.0356,-0.0160,34.6953,-20.0963,0.0000,0.0310,0.0310,0.0620,0.0000,0.0000,-0.0096,-0.0039
-0.1526,1.7258,1.7476,-0.0440,-0.0160,34.6973,-20.2689,0.0000,0.0385,0.0385,0.0568,0.0000,0.0000,-0.0096,-0.0039
-0.2000,1.9114,1.7326,-0.0523,-0.0160,34.7101,-20.4422,0.0000,0.0567,0.0567,0.0536,0.0000,0.0000,-0.0096,-0.0039
-0.1364,1.7122,1.7199,-0.0492,-0.0044,34.7127,-20.6309,0.0000,0.0686,0.0686,0.0694,0.0000,0.0000,-0.0027,-0.0011
-0.1316,1.7225,1.7091,-0.0576,-0.0044,34.7029,-20.8032,0.0000,0.0678,0.0678,0.0633,0.0000,0.0000,-0.0027,-0.0011
-0.2000,1.8715,1.6999,-0.0660,-0.0044,34.7069,-21.0088,0.0000,0.0825,0.0825,0.0580,0.0000,0.0000,-0.0027,-0.0011
-0.1320,1.7129,1.6920,-0.0665,0.0034,34.7074,-21.1882,0.0000,0.0931,0.0931,0.0568,0.0000,0.0000,0.0021,0.0008
-0.2000,2.0389,1.6854,-0.0749,0.0034,34.7060,-21.3618,0.0000,0.1018,0.1018,0.0497,0.0000,0.0000,0.0021,0.0008
-0.2001,1.7788,1.6797,-0.0833,0.0034,34.7035,-21.5431,0.0000,0.1098,0.1098,0.0413,0.0000,0.0000,0.0021,0.0008
-0.1403,1.7217,1.6749,-0.0909,0.0043,34.6907,-21.7388,0.0000,0.1092,0.1092,0.0516,0.0000,0.0000,0.0026,0.0010
-0.2000,1.7989,1.6708,-0.0993,0.0043,34.6725,-21.8992,0.0000,0.1032,0.1032,0.0418,0.0000,0.0000,0.0026,0.0010
-0.2000,1.9465,1.6674,-0.0948,0.0043,34.6717,-22.0633,0.0000,0.1147,0.1147,0.0321,0.0000,0.0000,0.0026,0.0010
-0.0036,1.6050,1.6644,-0.0886,0.0043,34.6565,-22.2329,0.0000,0.1125,0.1125,0.0221,0.0000,0.0000,0.0026,0.0010
0.0185,1.6257,1.6619,-0.0844,0.0071,34.6382,-22.3908,0.0000,0.1066,0.1066,0.0220,0.0000,0.0000,0.0043,0.0017
-0.0447,1.6910,1.6598,-0.0778,0.0071,34.6145,-22.5640,0.0000,0.0979,0.0979,0.0119,0.0000,0.0000,0.0043,0.0017
0.0637,1.5795,1.6580,-0.0694,0.0071,34.5894,-22.7235,0.0000,0.0866,0.0866,0.0017,0.0000,0.0000,0.0043,0.0017
-0.0848,1.7380,1.6564,-0.0611,0.0071,34.5640,-22.8794,0.0000,0.0747,0.0747,-0.0077,0.0000,0.0000,0.0043,0.0017
0.0247,1.6050,1.6551,-0.0527,0.0071,34.5368,-23.0494,0.0000,0.0622,0.0622,-0.0184,0.0000,0.0000,0.0043,0.0017
0.0902,1.5708,1.6540,-0.0555,-0.0042,34.5070,-23.2239,0.0000,0.0427,0.0427,-0.0523,0.0000,0.0000,-0.0025,-0.0010
-0.0487,1.7114,1.6531,-0.0471,-0.0042,34.4753,-23.3770,0.0000,0.0199,0.0199,-0.0594,0.0000,0.0000,-0.0025,-0.0010
-0.1339,1.7566,1.6523,-0.0387,-0.0042,34.4479,-23.5346,0.0000,0.0017,0.0017,-0.0650,0.0000,0.0000,-0.0025,-0.0010
0.0673,1.5534,1.6516,-0.0303,-0.0042,34.4273,-23.6908,0.0000,-0.0099,-0.0099,-0.0720,0.0000,0.0000,-0.0025,-0.0010
0.0818,1.5884,1.6510,-0.0359,-0.0182,34.3997,-23.8647,0.0000,-0.0274,-0.0274,-0.0774,0.0000,0.0000,-0.0110,-0.0044
-0.0931,1.7466,1.6505,-0.0275,-0.0182,34.3805,-24.0226,0.0000,-0.0375,-0.0375,-0.0820,0.0000,0.0000,-0.0110,-0.0044
-0.1335,1.7466,1.6501,-0.0191,-0.0182,34.3526,-24.1868,0.0000,-0.0558,-0.0558,-0.0849,0.0000,0.0000,-0.0110,-0.0044
-0.1447,1.7466,1.6497,-0.0107,-0.0060,34.3258,-24.3273,0.0000,-0.0746,-0.0746,-0.0976,0.0000,0.0000,-0.0036,-0.0015
0.0468,1.5773,1.6494,-0.0023,-0.0060,34.3011,-24.4775,0.0000,-0.0918,-0.0918,-0.1013,0.0000,0.0000,-0.0036,-0.0015
0.2000,1.4192,1.6492,0.0061,-0.0060,34.2673,-24.6241,0.0000,-0.1181,-0.1181,-0.1031,0.0000,0.0000,-0.0036,-0.0015
0.2000,1.5098,1.6489,0.0145,-0.0060,34.2399,-24.7733,0.0000,-0.1380,-0.1380,-0.1045,0.0000,0.0000,-0.0036,-0.0015
0.2000,1.5045,1.6488,0.0229,0.0022,34.2214,-24.9333,0.0000,-0.1473,-0.1473,-0.0883,0.0000,0.0000,0.0013,0.0005
0.1999,1.5045,1.6486,0.0310,0.0022,34.2064,-25.0793,0.0000,-0.1530,-0.1530,-0.0912,0.0000,0.0000,0.0013,0.0005
0.2000,1.5045,1.6485,0.0393,0.0022,34.1890,-25.2173,0.0000,-0.1615,-0.1615,-0.0891,0.0000,0.0000,0.0013,0.0005
0.1118,1.5967,1.6484,0.0477,0.0022,34.1657,-25.3610,0.0000,-0.1755,-0.1755,-0.0863,0.0000,0.0000,0.0013,0.0005
0.2000,1.3799,1.6483,0.0447,-0.0092,34.1427,-25.5151,0.0000,-0.1882,-0.1882,-0.0783,0.0000,0.0000,-0.0055,-0.0022
0.2000,1.4433,1.6482,0.0531,-0.0092,34.1271,-25.6728,0.0000,-0.1930,-0.1930,-0.0752,0.0000,0.0000,-0.0055,-0.0022
0.1694,1.5451,1.6481,0.0615,-0.0092,34.1166,-25.8097,0.0000,-0.1942,-0.1942,-0.0714,0.0000,0.0000,-0.0055,-0.0022
0.1315,1.5721,1.6480,0.0698,-0.0092,34.1041,-25.9684,0.0000,-0.1960,-0.1960,-0.0681,0.0000,0.0000,-0.0055,-0.0022
0.2000,1.3629,1.6480,0.0727,-0.0147,34.0842,-26.1231,0.0000,-0.2058,-0.2058,-0.0668,0.0000,0.0000,-0.0089,-0.0036
0.1483,1.5799,1.6480,0.0811,-0.0147,34.0729,-26.2632,0.0000,-0.2080,-0.2080,-0.0604,0.0000,0.0000,-0.0089,-0.0036
0.1551,1.5466,1.6479,0.0895,-0.0147,34.0554,-26.4046,0.0000,-0.2163,-0.2163,-0.0551,0.0000,0.0000,-0.0089,-0.0036
0.2000,1.3956,1.6479,0.0979,-0.0147,34.0452,-26.5538,0.0000,-0.2168,-0.2168,-0.0494,0.0000,0.0000,-0.0089,-0.0036
0.2000,1.4126,1.6479,0.0945,-0.0098,34.0323,-26.7087,0.0000,-0.2162,-0.2162,-0.0178,0.0000,0.0000,-0.0059,-0.0024
0.2000,1.4847,1.6478,0.0882,-0.0098,34.0255,-26.8638,0.0000,-0.2091,-0.2091,-0.0118,0.0000,0.0000,-0.0059,-0.0024
0.1706,1.5417,1.6478,0.0833,-0.0098,34.0191,-27.0076,0.0000,-0.2027,-0.2027,-0.0048,0.0000,0.0000,-0.0059,-0.0024
0.1601,1.5420,1.6478,0.0787,-0.0229,34.0132,-27.1530,0.0000,-0.1962,-0.1962,-0.0261,0.0000,0.0000,-0.0138,-0.0055
0.2000,1.4293,1.6478,0.0767,-0.0229,34.0120,-27.3043,0.0000,-0.1882,-0.1882,-0.0190,0.0000,0.0000,-0.0138,-0.0055
0.2000,1.5025,1.6478,0.0726,-0.0229,34.0042,-27.4483,0.0000,-0.1873,-0.1873,-0.0118,0.0000,0.0000,-0.0138,-0.0055
0.1999,1.5025,1.6478,0.0671,-0.0229,33.9968,-27.6027,0.0000,-0.1853,-0.1853,-0.0041,0.0000,0.0000,-0.0138,-0.0055
0.2000,1.4318,1.6478,0.0587,-0.0272,33.9926,-27.7443,0.0000,-0.1809,-0.1809,0.0029,0.0000,0.0000,-0.0164,-0.0066
0.1800,1.5332,1.6477,0.0554,-0.0272,33.9782,-27.9155,0.0000,-0.1849,-0.1849,0.0088,0.0000,0.0000,-0.0164,-0.0066
0.2000,1.4069,1.6477,0.0512,-0.0272,33.9801,-28.0842,0.0000,-0.1728,-0.1728,0.0133,0.0000,0.0000,-0.0164,-0.0066
0.0001,1.7022,1.6477,0.0567,-0.0133,33.9794,-28.2530,0.0000,-0.1632,-0.1632,0.0413,0.0000,0.0000,-0.0080,-0.0032
-0.0275,1.6741,1.6477,0.0483,-0.0133,33.9784,-28.3963,0.0000,-0.1524,-0.1524,0.0457,0.0000,0.0000,-0.0080,-0.0032
-0.0356,1.6757,1.6477,0.0401,-0.0133,33.9808,-28.5129,0.0000,-0.1403,-0.1403,0.0517,0.0000,0.0000,-0.0080,-0.0032
0.1644,1.4211,1.6477,0.0317,-0.0133,33.9800,-28.6661,0.0000,-0.1283,-0.1283,0.0574,0.0000,0.0000,-0.0080,-0.0032
0.2001,1.1586,1.6477,0.0296,-0.0070,33.9764,-28.8285,0.0000,-0.1182,-0.1182,0.0697,0.0000,0.0000,-0.0042,-0.0017
0.1896,1.5200,1.6477,0.0212,-0.0070,33.9801,-28.9649,0.0000,-0.1024,-0.1024,0.0721,0.0000,0.0000,-0.0042,-0.0017
0.0972,1.6109,1.6477,0.0128,-0.0070,33.9814,-29.1133,0.0000,-0.0879,-0.0879,0.0757,0.0000,0.0000,-0.0042,-0.0017
0.2000,1.3538,1.6477,0.0044,-0.0070,33.9891,-29.2515,0.0000,-0.0680,-0.0680,0.0777,0.0000,0.0000,-0.0042,-0.0017
0.2000,1.4718,1.6477,0.0093,0.0063,33.9932,-29.4011,0.0000,-0.0487,-0.0487,0.0972,0.0000,0.0000,0.0038,0.0015
0.2000,1.3729,1.6477,0.0009,0.0063,33.9973,-29.5528,0.0000,-0.0285,-0.0285,0.0982,0.0000,0.0000,0.0038,0.0015
0.2000,1.4842,1.6477,-0.0074,0.0063,33.9904,-29.6936,0.0000,-0.0204,-0.0204,0.0998,0.0000,0.0000,0.0038,0.0015
0.2001,1.5051,1.6477,-0.0158,0.0063,33.9875,-29.8443,0.0000,-0.0073,-0.0073,0.1016,0.0000,0.0000,0.0038,0.0015
0.2000,1.3973,1.6477,-0.0242,0.0063,33.9905,-29.9983,0.0000,0.0121,0.0121,0.1001,0.0000,0.0000,0.0038,0.0015
0.2000,1.4936,1.6477,-0.0326,-0.0060,34.0083,-30.1498,0.0000,0.0447,0.0447,0.0908,0.0000,0.0000,-0.0036,-0.0014
0.1895,1.5280,1.6477,-0.0410,-0.0060,34.0121,-30.3013,0.0000,0.0633,0.0633,0.0877,0.0000,0.0000,-0.0036,-0.0014
0.2000,1.5120,1.6477,-0.0494,-0.0060,34.0151,-30.4528,0.0000,0.0811,0.0811,0.0842,0.0000,0.0000,-0.0036,-0.0014
0.2000,1.5020,1.6477,-0.0577,-0.0060,34.0068,-30.6109,0.0000,0.0883,0.0883,0.0793,0.0000,0.0000,-0.0036,-0.0014
0.2001,1.5018,1.6477,-0.0493,0.0178,33.9930,-30.7613,0.0000,0.0900,0.0900,0.0831,0.0000,0.0000,0.0107,0.0043
0.1534,1.5706,1.6477,-0.0577,0.0178,33.9844,-30.9044,0.0000,0.0968,0.0968,0.0775,0.0000,0.0000,0.0107,0.0043
0.2000,1.4991,1.6477,-0.0661,0.0178,33.9772,-31.0504,0.0000,0.1052,0.1052,0.0711,0.0000,0.0000,0.0107,0.0043
0.2000,1.4234,1.6477,-0.0745,0.0178,33.9657,-31.2080,0.0000,0.1106,0.1106,0.0651,0.0000,0.0000,0.0107,0.0043
0.2000,1.4502,1.6477,-0.0829,-0.0006,33.9580,-31.3596,0.0000,0.1191,0.1191,0.0575,0.0000,0.0000,-0.0003,-0.0001
0.1437,1.5677,1.6477,-0.0913,-0.0006,33.9498,-31.5220,0.0000,0.1282,0.1282,0.0506,0.0000,0.0000,-0.0003,-0.0001
0.1948,1.5058,1.6477,-0.0997,-0.0006,33.9321,-31.6729,0.0000,0.1266,0.1266,0.0417,0.0000,0.0000,-0.0003,-0.0001
0.0981,1.6121,1.6477,-0.1031,-0.0006,33.9118,-31.8275,0.0000,0.1228,0.1228,0.0352,0.0000,0.0000,-0.0003,-0.0001
0.1802,1.5093,1.6477,-0.0947,0.0030,33.8932,-31.9818,0.0000,0.1206,0.1206,0.0213,0.0000,0.0000,0.0018,0.0007
0.1554,1.5485,1.6477,-0.0865,0.0030,33.8722,-32.1293,0.0000,0.1146,0.1146,0.0112,0.0000,0.0000,0.0018,0.0007
0.1514,1.5435,1.6477,-0.0784,0.0030,33.8507,-32.2819,0.0000,0.1088,0.1088,0.0022,0.0000,0.0000,0.0018,0.0007
0.1999,1.4811,1.6477,-0.0703,0.0030,33.8238,-32.4343,0.0000,0.0974,0.0974,-0.0071,0.0000,0.0000,0.0018,0.0007
0.1791,1.5307,1.6477,-0.0619,0.0030,33.8015,-32.5788,0.0000,0.0899,0.0899,-0.0143,0.0000,0.0000,0.0018,0.0007
0.1647,1.5382,1.6477,-0.0537,0.0027,33.7791,-32.7361,0.0000,0.0826,0.0826,-0.0314,0.0000,0.0000,0.0016,0.0006
0.2000,1.4517,1.6477,-0.0454,0.0027,33.7476,-32.8974,0.0000,0.0663,0.0663,-0.0378,0.0000,0.0000,0.0016,0.0006
0.1452,1.5761,1.6477,-0.0370,0.0027,33.7173,-33.0578,0.0000,0.0510,0.0510,-0.0443,0.0000,0.0000,0.0016,0.0006
-0.2000,1.6327,1.6256,-0.0287,0.0027,33.6826,-33.2135,0.0000,0.0309,0.0309,-0.0496,0.0000,0.0000,0.0016,0.0006
-0.1963,1.6209,1.6067,-0.0203,0.0054,33.6498,-33.3703,0.0000,0.0139,0.0139,-0.0391,0.0000,0.0000,0.0032,0.0013
-0.1559,1.5838,1.5907,-0.0119,0.0054,33.6205,-33.5163,0.0000,0.0007,0.0007,-0.0431,0.0000,0.0000,0.0032,0.0013
-0.1468,1.5895,1.5771,-0.0035,0.0054,33.5980,-33.6666,0.0000,-0.0053,-0.0053,-0.0469,0.0000,0.0000,0.0032,0.0013
-0.0177,1.4778,1.5655,-0.0009,-0.0005,33.5712,-33.8134,0.0000,-0.0162,-0.0162,-0.0799,0.0000,0.0000,-0.0003,-0.0001
-0.0169,1.5067,1.5557,0.0075,-0.0005,33.5418,-33.9563,0.0000,-0.0342,-0.0342,-0.0785,0.0000,0.0000,-0.0003,-0.0001
0.0104,1.4806,1.5474,0.0157,-0.0005,33.5096,-34.1070,0.0000,-0.0543,-0.0543,-0.0800,0.0000,0.0000,-0.0003,-0.0001
0.0610,1.4460,1.5402,0.0241,-0.0005,33.4787,-34.2625,0.0000,-0.0728,-0.0728,-0.0799,0.0000,0.0000,-0.0003,-0.0001
-0.0155,1.5279,1.5342,0.0325,0.0223,33.4577,-34.4095,0.0000,-0.0795,-0.0795,-0.0508,0.0000,0.0000,0.0135,0.0054
-0.0830,1.5725,1.5291,0.0409,0.0223,33.4338,-34.5616,0.0000,-0.0870,-0.0870,-0.0501,0.0000,0.0000,0.0135,0.0054
0.0021,1.4719,1.5247,0.0493,0.0223,33.4106,-34.7055,0.0000,-0.0947,-0.0947,-0.0475,0.0000,0.0000,0.0135,0.0054
-0.0280,1.5272,1.5210,0.0409,0.0012,33.3882,-34.8463,0.0000,-0.1023,-0.1023,-0.0546,0.0000,0.0000,0.0007,0.0003
0.0845,1.4442,1.5179,0.0493,0.0012,33.3585,-35.0154,0.0000,-0.1152,-0.1152,-0.0497,0.0000,0.0000,0.0007,0.0003
0.1793,1.4143,1.5152,0.0577,0.0012,33.3420,-35.1697,0.0000,-0.1165,-0.1165,-0.0462,0.0000,0.0000,0.0007,0.0003
-0.0168,1.7020,1.5129,0.0661,0.0162,33.3279,-35.3215,0.0000,-0.1158,-0.1158,-0.0490,0.0000,0.0000,0.0098,0.0039
-0.0479,1.5393,1.5110,0.0745,0.0162,33.3105,-35.4608,0.0000,-0.1203,-0.1203,-0.0442,0.0000,0.0000,0.0098,0.0039
-0.0313,1.5125,1.5093,0.0829,0.0162,33.2866,-35.6147,0.0000,-0.1299,-0.1299,-0.0405,0.0000,0.0000,0.0098,0.0039
0.1130,1.3923,1.5079,0.0913,0.0162,33.2711,-35.7477,0.0000,-0.1332,-0.1332,-0.0352,0.0000,0.0000,0.0098,0.0039
-0.0245,1.5441,1.5067,0.0958,0.0123,33.2518,-35.8942,0.0000,-0.1386,-0.1386,-0.0212,0.0000,0.0000,0.0074,0.0030
0.1773,1.3275,1.5057,0.1042,0.0123,33.2406,-36.0348,0.0000,-0.1355,-0.1355,-0.0149,0.0000,0.0000,0.0074,0.0030
0.0959,1.4653,1.5049,0.1034,0.0123,33.2348,-36.1616,0.0000,-0.1285,-0.1285,-0.0100,0.0000,0.0000,0.0074,0.0030
0.1369,1.4000,1.5041,0.0988,0.0123,33.2206,-36.2976,0.0000,-0.1289,-0.1289,-0.0032,0.0000,0.0000,0.0074,0.0030
0.2000,1.2608,1.5035,0.0935,0.0003,33.2128,-36.4370,0.0000,-0.1244,-0.1244,-0.0142,0.0000,0.0000,0.0002,0.0001
0.2001,1.3563,1.5030,0.0880,0.0003,33.2060,-36.5848,0.0000,-0.1193,-0.1193,-0.0072,0.0000,0.0000,0.0002,0.0001
0.1814,1.3867,1.5025,0.0835,0.0003,33.1995,-36.7242,0.0000,-0.1146,-0.1146,-0.0012,0.0000,0.0000,0.0002,0.0001
0.0908,1.4692,1.5022,0.0765,0.0003,33.1961,-36.8475,0.0000,-0.1081,-0.1081,0.0079,0.0000,0.0000,0.0002,0.0001
0.1754,1.3845,1.5018,0.0702,-0.0067,33.1950,-36.9887,0.0000,-0.0987,-0.0987,0.0051,0.0000,0.0000,-0.0040,-0.0016
0.2000,1.2266,1.5016,0.0618,-0.0067,33.1859,-37.1348,0.0000,-0.0972,-0.0972,0.0140,0.0000,0.0000,-0.0040,-0.0016
0.1642,1.4017,1.5013,0.0534,-0.0067,33.1804,-37.2651,0.0000,-0.0932,-0.0932,0.0184,0.0000,0.0000,-0.0040,-0.0016
0.0988,1.4518,1.5011,0.0618,0.0140,33.1827,-37.3944,0.0000,-0.0811,-0.0811,0.0470,0.0000,0.0000,0.0084,0.0034
0.2000,1.2941,1.5010,0.0534,0.0140,33.1807,-37.5273,0.0000,-0.0703,-0.0703,0.0514,0.0000,0.0000,0.0084,0.0034
0.2000,1.2836,1.5008,0.0450,0.0140,33.1811,-37.6648,0.0000,-0.0567,-0.0567,0.0573,0.0000,0.0000,0.0084,0.0034
0.2000,1.3189,1.5007,0.0366,0.0140,33.1788,-37.7928,0.0000,-0.0467,-0.0467,0.0622,0.0000,0.0000,0.0084,0.0034
0.2000,1.3654,1.5006,0.0282,0.0052,33.1767,-37.8939,0.0000,-0.0392,-0.0392,0.0355,0.0000,0.0000,0.0031,0.0012
0.2000,1.2696,1.5005,0.0198,0.0052,33.1700,-37.9744,0.0000,-0.0405,-0.0405,0.0383,0.0000,0.0000,0.0031,0.0012
0.2000,1.0029,1.5004,0.0114,0.0052,33.1737,-38.0399,0.0000,-0.0323,-0.0323,0.0403,0.0000,0.0000,0.0031,0.0012
0.2000,0.8005,1.5004,0.0031,0.0052,33.1775,-38.0641,0.0000,-0.0269,-0.0269,0.0396,0.0000,0.0000,0.0031,0.0012
0.2000,0.6506,1.5003,-0.0053,0.0052,33.1812,-38.1129,0.0000,-0.0199,-0.0199,0.0408,0.0000,0.0000,0.0031,0.0012
0.2003,0.2430,1.5203,-0.0137,0.0052,33.1864,-38.1232,0.0000,-0.0141,-0.0141,0.0410,0.0000,0.0000,0.0031,0.0012
0.2000,0.4856,1.5403,-0.0221,0.0052,33.1894,-38.0953,0.0000,-0.0129,-0.0129,0.0403,0.0000,0.0000,0.0031,0.0012
0.2000,0.1148,1.5603,-0.0305,0.0052,33.1865,-38.0868,0.0000,-0.0163,-0.0163,0.0400,0.0000,0.0000,0.0031,0.0012
0.2000,0.2777,1.5803,-0.0340,0.0052,33.1871,-38.0775,0.0000,-0.0164,-0.0164,0.0403,0.0000,0.0000,0.0031,0.0012
0.2000,0.0889,1.6003,-0.0343,0.0052,33.1873,-38.0811,0.0000,-0.0160,-0.0160,0.0395,0.0000,0.0000,0.0031,0.0012
0.2000,0.0925,1.6203,-0.0343,0.0052,33.1882,-38.0824,0.0000,-0.0150,-0.0150,0.0390,0.0000,0.0000,0.0031,0.0012
0.2000,0.0001,1.6403,-0.0337,0.0052,33.1859,-38.0752,0.0000,-0.0177,-0.0177,0.0391,0.0000,0.0000,0.0031,0.0012
0.2000,0.0001,1.6603,-0.0338,0.0052,33.1900,-38.0710,0.0000,-0.0139,-0.0139,0.0392,0.0000,0.0000,0.0031,0.0012
0.2000,0.0749,1.6803,-0.0337,0.0052,33.1898,-38.0741,0.0000,-0.0139,-0.0139,0.0390,0.0000,0.0000,0.0031,0.0012
0.2000,0.0591,1.7003,-0.0333,0.0052,33.1875,-38.0749,0.0000,-0.0162,-0.0162,0.0389,0.0000,0.0000,0.0031,0.0012
0.2000,0.0001,1.7203,-0.0325,0.0052,33.1859,-38.0722,0.0000,-0.0180,-0.0180,0.0388,0.0000,0.0000,0.0031,0.0012
0.1999,0.0001,1.7384,-0.0321,0.0052,33.1870,-38.0792,0.0000,-0.0164,-0.0164,0.0386,0.0000,0.0000,0.0031,0.0012
0.1999,0.0001,1.7538,-0.0317,0.0052,33.1858,-38.0724,0.0000,-0.0181,-0.0181,0.0388,0.0000,0.0000,0.0031,0.0012
0.1999,0.0706,1.7669,-0.0312,0.0052,33.1853,-38.0751,0.0000,-0.0184,-0.0184,0.0384,0.0000,0.0000,0.0031,0.0012
0.1999,0.0684,1.7780,-0.0308,0.0052,33.1842,-38.0755,0.0000,-0.0195,-0.0195,0.0384,0.0000,0.0000,0.0031,0.0012
0.1999,0.0001,1.7874,-0.0305,0.0052,33.1842,-38.0776,0.0000,-0.0193,-0.0193,0.0385,0.0000,0.0000,0.0031,0.0012
0.1999,0.0001,1.7955,-0.0304,0.0052,33.1852,-38.0764,0.0000,-0.0184,-0.0184,0.0383,0.0000,0.0000,0.0031,0.0012
0.1999,0.0001,1.8023,-0.0305,0.0052,33.1852,-38.0777,0.0000,-0.0183,-0.0183,0.0387,0.0000,0.0000,0.0031,0.0012
0.2000,0.0001,1.8081,-0.0304,0.0052,33.1848,-38.0744,0.0000,-0.0189,-0.0189,0.0386,0.0000,0.0000,0.0031,0.0012
0.2000,0.0001,1.8130,-0.0304,0.0052,33.1852,-38.0749,0.0000,-0.0185,-0.0185,0.0386,0.0000,0.0000,0.0031,0.0012
0.2000,0.0001,1.8172,-0.0303,0.0052,33.1845,-38.0743,0.0000,-0.0192,-0.0192,0.0386,0.0000,0.0000,0.0031,0.0012
0.2000,0.0001,1.8208,-0.0303,0.0052,33.1856,-38.0739,0.0000,-0.0181,-0.0181,0.0383,0.0000,0.0000,0.0031,0.0012
0.2000,0.0001,1.8238,-0.0303,0.0052,33.1847,-38.0747,0.0000,-0.0190,-0.0190,0.0388,0.0000,0.0000,0.0031,0.0012
0.2000,0.0001,1.8264,-0.0304,0.0052,33.1858,-38.0730,0.0000,-0.0180,-0.0180,0.0385,0.0000,0.0000,0.0031,0.0012
0.2000,0.0001,1.8286,-0.0304,0.0052,33.1849,-38.0717,0.0000,-0.0190,-0.0190,0.0387,0.0000,0.0000,0.0031,0.0012
0.2000,0.0001,1.8304,-0.0305,0.0052,33.1861,-38.0718,0.0000,-0.0178,-0.0178,0.0386,0.0000,0.0000,0.0031,0.0012
0.2000,0.0001,1.8320,-0.0305,0.0052,33.1855,-38.0734,0.0000,-0.0182,-0.0182,0.0387,0.0000,0.0000,0.0031,0.0012
0.2000,0.0001,1.8334,-0.0304,0.0052,33.1853,-38.0704,0.0000,-0.0187,-0.0187,0.0385,0.0000,0.0000,0.0031,0.0012
0.2000,0.0001,1.8345,-0.0303,0.0052,33.1845,-38.0724,0.0000,-0.0193,-0.0193,0.0386,0.0000,0.0000,0.0031,0.0012
0.2000,0.0001,1.8355,-0.0304,0.0052,33.1854,-38.0719,0.0000,-0.0184,-0.0184,0.0387,0.0000,0.0000,0.0031,0.0012
0.2000,0.0001,1.8363,-0.0304,0.0052,33.1858,-38.0725,0.0000,-0.0180,-0.0180,0.0386,0.0000,0.0000,0.0031,0.0012
0.2000,0.0001,1.8370,-0.0306,0.0052,33.1868,-38.0737,0.0000,-0.0169,-0.0169,0.0387,0.0000,0.0000,0.0031,0.0012
0.2000,0.0001,1.8376,-0.0307,0.0052,33.1859,-38.0737,0.0000,-0.0178,-0.0178,0.0388,0.0000,0.0000,0.0031,0.0012
0.2000,0.0001,1.8381,-0.0307,0.0052,33.1863,-38.0703,0.0000,-0.0177,-0.0177,0.0387,0.0000,0.0000,0.0031,0.0012
0.2000,0.0001,1.8385,-0.0305,0.0052,33.1854,-38.0701,0.0000,-0.0186,-0.0186,0.0385,0.0000,0.0000,0.0031,0.0012
0.2000,0.0001,1.8389,-0.0303,0.0052,33.1852,-38.0688,0.0000,-0.0189,-0.0189,0.0384,0.0000,0.0000,0.0031,0.0012
0.2000,0.0001,1.8392,-0.0302,0.0052,33.1849,-38.0715,0.0000,-0.0190,-0.0190,0.0384,0.0000,0.0000,0.0031,0.0012
0.2000,0.0001,1.8395,-0.0303,0.0052,33.1857,-38.0698,0.0000,-0.0183,-0.0183,0.0385,0.0000,0.0000,0.0031,0.0012
0.2000,0.0001,1.8397,-0.0302,0.0052,33.1852,-38.0716,0.0000,-0.0187,-0.0187,0.0385,0.0000,0.0000,0.0031,0.0012
0.2000,0.0001,1.8399,-0.0303,0.0052,33.1855,-38.0708,0.0000,-0.0185,-0.0185,0.0387,0.0000,0.0000,0.0031,0.0012
0.2000,0.0001,1.8401,-0.0304,0.0052,33.1859,-38.0682,0.0000,-0.0182,-0.0182,0.0387,0.0000,0.0000,0.0031,0.0012
0.2000,0.0001,1.8402,-0.0303,0.0052,33.1851,-38.0687,0.0000,-0.0190,-0.0190,0.0386,0.0000,0.0000,0.0031,0.0012
0.2000,0.0001,1.8403,-0.0304,0.0052,33.1860,-38.0672,0.0000,-0.0183,-0.0183,0.0386,0.0000,0.0000,0.0031,0.0012
0.2000,0.0001,1.8404,-0.0303,0.0052,33.1854,-38.0697,0.0000,-0.0186,-0.0186,0.0386,0.0000,0.0000,0.0031,0.0012
0.2000,0.0001,1.8405,-0.0302,0.0052,33.1852,-38.0693,0.0000,-0.0188,-0.0188,0.0384,0.0000,0.0000,0.0031,0.0012
0.2000,0.0001,1.8406,-0.0304,0.0052,33.1864,-38.0675,0.0000,-0.0178,-0.0178,0.0386,0.0000,0.0000,0.0031,0.0012
0.2000,0.0001,1.8406,-0.0303,0.0052,33.1857,-38.0652,0.0000,-0.0187,-0.0187,0.0385,0.0000,0.0000,0.0031,0.0012
0.2000,0.0001,1.8407,-0.0303,0.0052,33.1854,-38.0664,0.0000,-0.0189,-0.0189,0.0386,0.0000,0.0000,0.0031,0.0012
0.2000,0.0001,1.8407,-0.0303,0.0052,33.1854,-38.0684,0.0000,-0.0187,-0.0187,0.0385,0.0000,0.0000,0.0031,0.0012
0.2000,0.0001,1.8408,-0.0303,0.0052,33.1853,-38.0697,0.0000,-0.0187,-0.0187,0.0387,0.0000,0.0000,0.0031,0.0012
0.2000,0.0001,1.8408,-0.0302,0.0052,33.1853,-38.0697,0.0000,-0.0187,-0.0187,0.0385,0.0000,0.0000,0.0031,0.0012
0.2000,0.0001,1.8408,-0.0301,0.0052,33.1842,-38.0694,0.0000,-0.0198,-0.0198,0.0385,0.0000,0.0000,0.0031,0.0012
0.2000,0.0001,1.8408,-0.0302,0.0052,33.1854,-38.0694,0.0000,-0.0186,-0.0186,0.0386,0.0000,0.0000,0.0031,0.0012
0.2000,0.0001,1.8409,-0.0301,0.0052,33.1847,-38.0664,0.0000,-0.0196,-0.0196,0.0385,0.0000,0.0000,0.0031,0.0012
0.2000,0.0001,1.8409,-0.0302,0.0052,33.1857,-38.0673,0.0000,-0.0185,-0.0185,0.0385,0.0000,0.0000,0.0031,0.0012
0.2000,0.0001,1.8409,-0.0302,0.0052,33.1857,-38.0625,0.0000,-0.0188,-0.0188,0.0385,0.0000,0.0000,0.0031,0.0012
0.2000,0.0001,1.8409,-0.0302,0.0052,33.1855,-38.0665,0.0000,-0.0188,-0.0188,0.0385,0.0000,0.0000,0.0031,0.0012
0.2000,0.0001,1.8409,-0.0301,0.0052,33.1849,-38.0685,0.0000,-0.0193,-0.0193,0.0386,0.0000,0.0000,0.0031,0.0012
0.2000,0.0001,1.8409,-0.0301,0.0052,33.1852,-38.0688,0.0000,-0.0189,-0.0189,0.0385,0.0000,0.0000,0.0031,0.0012
0.2000,0.0001,1.8409,-0.0302,0.0052,33.1851,-38.0670,0.0000,-0.0191,-0.0191,0.0386,0.0000,0.0000,0.0031,0.0012
0.2000,0.0001,1.8409,-0.0302,0.0052,33.1852,-38.0691,0.0000,-0.0189,-0.0189,0.0387,0.0000,0.0000,0.0031,0.0012
0.2000,0.0001,1.8409,-0.0303,0.0052,33.1851,-38.0705,0.0000,-0.0189,-0.0189,0.0387,0.0000,0.0000,0.0031,0.0012
0.2000,0.0001,1.8409,-0.0302,0.0052,33.1849,-38.0692,0.0000,-0.0191,-0.0191,0.0385,0.0000,0.0000,0.0031,0.0012
0.2000,0.0001,1.8410,-0.0302,0.0052,33.1847,-38.0680,0.0000,-0.0194,-0.0194,0.0387,0.0000,0.0000,0.0031,0.0012
0.2000,0.0001,1.8410,-0.0302,0.0052,33.1849,-38.0670,0.0000,-0.0193,-0.0193,0.0386,0.0000,0.0000,0.0031,0.0012
0.2000,0.0001,1.8410,-0.0302,0.0052,33.1854,-38.0675,0.0000,-0.0188,-0.0188,0.0385,0.0000,0.0000,0.0031,0.0012
0.2000,0.0001,1.8410,-0.0302,0.0052,33.1849,-38.0687,0.0000,-0.0192,-0.0192,0.0386,0.0000,0.0000,0.0031,0.0012
0.2000,0.0001,1.8410,-0.0302,0.0052,33.1851,-38.0693,0.0000,-0.0189,-0.0189,0.0385,0.0000,0.0000,0.0031,0.0012
0.2000,0.0001,1.8410,-0.0304,0.0052,33.1863,-38.0650,0.0000,-0.0181,-0.0181,0.0388,0.0000,0.0000,0.0031,0.0012
0.2000,0.0001,1.8410,-0.0303,0.0052,33.1852,-38.0662,0.0000,-0.0191,-0.0191,0.0385,0.0000,0.0000,0.0031,0.0012
0.2000,0.0001,1.8410,-0.0302,0.0052,33.1853,-38.0697,0.0000,-0.0188,-0.0188,0.0385,0.0000,0.0000,0.0031,0.0012
0.2000,0.0001,1.8410,-0.0304,0.0052,33.1856,-38.0663,0.0000,-0.0187,-0.0187,0.0389,0.0000,0.0000,0.0031,0.0012
0.2000,0.0001,1.8410,-0.0304,0.0052,33.1852,-38.0682,0.0000,-0.0190,-0.0190,0.0387,0.0000,0.0000,0.0031,0.0012
0.2000,0.0001,1.8410,-0.0303,0.0052,33.1857,-38.0670,0.0000,-0.0185,-0.0185,0.0385,0.0000,0.0000,0.0031,0.0012
0.2000,0.0001,1.8410,-0.0304,0.0052,33.1856,-38.0683,0.0000,-0.0185,-0.0185,0.0387,0.0000,0.0000,0.0031,0.0012
0.2000,0.0001,1.8410,-0.0302,0.0052,33.1851,-38.0711,0.0000,-0.0189,-0.0189,0.0384,0.0000,0.0000,0.0031,0.0012
0.2000,0.0001,1.8410,-0.0301,0.0052,33.1841,-38.0711,0.0000,-0.0199,-0.0199,0.0386,0.0000,0.0000,0.0031,0.0012
0.2000,0.0001,1.8410,-0.0302,0.0052,33.1850,-38.0721,0.0000,-0.0188,-0.0188,0.0386,0.0000,0.0000,0.0031,0.0012
0.2000,0.0001,1.8410,-0.0302,0.0052,33.1850,-38.0689,0.0000,-0.0191,-0.0191,0.0385,0.0000,0.0000,0.0031,0.0012
0.2000,0.0001,1.8410,-0.0301,0.0052,33.1850,-38.0679,0.0000,-0.0191,-0.0191,0.0386,0.0000,0.0000,0.0031,0.0012
0.2000,0.0001,1.8410,-0.0303,0.0052,33.1859,-38.0644,0.0000,-0.0185,-0.0185,0.0386,0.0000,0.0000,0.0031,0.0012
0.2000,0.0001,1.8410,-0.0301,0.0052,33.1842,-38.0679,0.0000,-0.0199,-0.0199,0.0386,0.0000,0.0000,0.0031,0.0012
0.2000,0.0001,1.8410,-0.0300,0.0052,33.1844,-38.0694,0.0000,-0.0197,-0.0197,0.0385,0.0000,0.0000,0.0031,0.0012
0.2000,0.0001,1.8410,-0.0302,0.0052,33.1857,-38.0686,0.0000,-0.0184,-0.0184,0.0387,0.0000,0.0000,0.0031,0.0012
0.2000,0.0001,1.8410,-0.0301,0.0052,33.1847,-38.0682,0.0000,-0.0194,-0.0194,0.0385,0.0000,0.0000,0.0031,0.0012
0.2000,0.0001,1.8410,-0.0301,0.0052,33.1848,-38.0673,0.0000,-0.0194,-0.0194,0.0385,0.0000,0.0000,0.0031,0.0012
0.2000,0.0001,1.8410,-0.0303,0.0052,33.1862,-38.0660,0.0000,-0.0181,-0.0181,0.0387,0.0000,0.0000,0.0031,0.0012
0.2000,0.0001,1.8410,-0.0304,0.0052,33.1857,-38.0659,0.0000,-0.0185,-0.0185,0.0388,0.0000,0.0000,0.0031,0.0012
0.2000,0.0001,1.8410,-0.0304,0.0052,33.1856,-38.0655,0.0000,-0.0187,-0.0187,0.0388,0.0000,0.0000,0.0031,0.0012
0.2000,0.0001,1.8410,-0.0304,0.0052,33.1859,-38.0658,0.0000,-0.0183,-0.0183,0.0386,0.0000,0.0000,0.0031,0.0012
0.2000,0.0001,1.8410,-0.0303,0.0052,33.1849,-38.0648,0.0000,-0.0194,-0.0194,0.0385,0.0000,0.0000,0.0031,0.0012
0.2000,0.0001,1.8410,-0.0301,0.0052,33.1850,-38.0626,0.0000,-0.0195,-0.0195,0.0385,0.0000,0.0000,0.0031,0.0012
0.2000,0.0001,1.8410,-0.0301,0.0052,33.1850,-38.0626,0.0000,-0.0195,-0.0195,0.0386,0.0000,0.0000,0.0031,0.0012
0.2000,0.0001,1.8410,-0.0303,0.0052,33.1857,-38.0647,0.0000,-0.0186,-0.0186,0.0388,0.0000,0.0000,0.0031,0.0012
0.2000,0.0001,1.8410,-0.0303,0.0052,33.1859,-38.0646,0.0000,-0.0185,-0.0185,0.0385,0.0000,0.0000,0.0031,0.0012
0.2000,0.0001,1.8410,-0.0301,0.0052,33.1852,-38.0628,0.0000,-0.0193,-0.0193,0.0383,0.0000,0.0000,0.0031,0.0012
0.2000,0.0001,1.8410,-0.0302,0.0052,33.1860,-38.0641,0.0000,-0.0184,-0.0184,0.0385,0.0000,0.0000,0.0031,0.0012
0.2000,0.0001,1.8410,-0.0302,0.0052,33.1854,-38.0669,0.0000,-0.0188,-0.0188,0.0385,0.0000,0.0000,0.0031,0.0012
0.2000,0.0001,1.8410,-0.0302,0.0052,33.1855,-38.0683,0.0000,-0.0187,-0.0187,0.0386,0.0000,0.0000,0.0031,0.0012
0.2000,0.0001,1.8410,-0.0302,0.0052,33.1853,-38.0640,0.0000,-0.0192,-0.0192,0.0387,0.0000,0.0000,0.0031,0.0012
0.2000,0.0001,1.8410,-0.0301,0.0052,33.1851,-38.0635,0.0000,-0.0193,-0.0193,0.0384,0.0000,0.0000,0.0031,0.0012
0.2000,0.0001,1.8410,-0.0302,0.0052,33.1857,-38.0670,0.0000,-0.0185,-0.0185,0.0385,0.0000,0.0000,0.0031,0.0012
0.2000,0.0001,1.8410,-0.0302,0.0052,33.1855,-38.0704,0.0000,-0.0185,-0.0185,0.0386,0.0000,0.0000,0.0031,0.0012
0.2000,0.0001,1.8410,-0.0303,0.0052,33.1857,-38.0715,0.0000,-0.0183,-0.0183,0.0386,0.0000,0.0000,0.0031,0.0012
0.2000,0.0001,1.8410,-0.0304,0.0052,33.1852,-38.0692,0.0000,-0.0188,-0.0188,0.0389,0.0000,0.0000,0.0031,0.0012
0.2000,0.0001,1.8410,-0.0304,0.0052,33.1854,-38.0702,0.0000,-0.0186,-0.0186,0.0386,0.0000,0.0000,0.0031,0.0012
0.2000,0.0001,1.8410,-0.0302,0.0052,33.1848,-38.0673,0.0000,-0.0194,-0.0194,0.0383,0.0000,0.0000,0.0031,0.0012
0.2000,0.0001,1.8410,-0.0301,0.0052,33.1850,-38.0685,0.0000,-0.0191,-0.0191,0.0384,0.0000,0.0000,0.0031,0.0012
0.2000,0.0001,1.8410,-0.0299,0.0052,33.1839,-38.0687,0.0000,-0.0202,-0.0202,0.0384,0.0000,0.0000,0.0031,0.0012
0.2000,0.0001,1.8410,-0.0301,0.0052,33.1854,-38.0706,0.0000,-0.0186,-0.0186,0.0387,0.0000,0.0000,0.0031,0.0012
0.2000,0.0001,1.8410,-0.0303,0.0052,33.1861,-38.0691,0.0000,-0.0180,-0.0180,0.0386,0.0000,0.0000,0.0031,0.0012
0.2000,0.0001,1.8410,-0.0303,0.0052,33.1853,-38.0711,0.0000,-0.0186,-0.0186,0.0385,0.0000,0.0000,0.0031,0.0012
0.2000,0.0001,1.8410,-0.0303,0.0052,33.1855,-38.0712,0.0000,-0.0184,-0.0184,0.0386,0.0000,0.0000,0.0031,0.0012
0.2000,0.0001,1.8410,-0.0302,0.0052,33.1849,-38.0692,0.0000,-0.0191,-0.0191,0.0385,0.0000,0.0000,0.0031,0.0012
0.2000,0.0001,1.8410,-0.0302,0.0052,33.1852,-38.0678,0.0000,-0.0189,-0.0189,0.0385,0.0000,0.0000,0.0031,0.0012
0.2000,0.0001,1.8410,-0.0303,0.0052,33.1862,-38.0663,0.0000,-0.0180,-0.0180,0.0387,0.0000,0.0000,0.0031,0.0012
0.2000,0.0001,1.8410,-0.0303,0.0052,33.1849,-38.0694,0.0000,-0.0191,-0.0191,0.0386,0.0000,0.0000,0.0031,0.0012
0.2000,0.0001,1.8410,-0.0302,0.0052,33.1846,-38.0681,0.0000,-0.0196,-0.0196,0.0386,0.0000,0.0000,0.0031,0.0012
0.2000,0.0001,1.8410,-0.0302,0.0052,33.1853,-38.0687,0.0000,-0.0188,-0.0188,0.0385,0.0000,0.0000,0.0031,0.0012
0.2000,0.0001,1.8410,-0.0302,0.0052,33.1852,-38.0675,0.0000,-0.0189,-0.0189,0.0385,0.0000,0.0000,0.0031,0.0012
0.2000,0.0001,1.8410,-0.0301,0.0052,33.1853,-38.0684,0.0000,-0.0189,-0.0189,0.0385,0.0000,0.0000,0.0031,0.0012
0.2000,0.0001,1.8410,-0.0302,0.0052,33.1853,-38.0704,0.0000,-0.0187,-0.0187,0.0385,0.0000,0.0000,0.0031,0.0012
0.2000,0.0001,1.8410,-0.0302,0.0052,33.1854,-38.0687,0.0000,-0.0187,-0.0187,0.0386,0.0000,0.0000,0.0031,0.0012
0.2000,0.0001,1.8410,-0.0303,0.0052,33.1856,-38.0691,0.0000,-0.0185,-0.0185,0.0386,0.0000,0.0000,0.0031,0.0012
0.2000,0.0001,1.8410,-0.0301,0.0052,33.1843,-38.0692,0.0000,-0.0198,-0.0198,0.0384,0.0000,0.0000,0.0031,0.0012
0.2000,0.0001,1.8410,-0.0300,0.0052,33.1845,-38.0673,0.0000,-0.0197,-0.0197,0.0385,0.0000,0.0000,0.0031,0.0012
0.2000,0.0001,1.8410,-0.0300,0.0052,33.1851,-38.0692,0.0000,-0.0190,-0.0190,0.0384,0.0000,0.0000,0.0031,0.0012
0.2000,0.0001,1.8410,-0.0301,0.0052,33.1853,-38.0673,0.0000,-0.0189,-0.0189,0.0386,0.0000,0.0000,0.0031,0.0012
0.2000,0.0001,1.8410,-0.0301,0.0052,33.1852,-38.0660,0.0000,-0.0190,-0.0190,0.0386,0.0000,0.0000,0.0031,0.0012
0.2000,0.0001,1.8410,-0.0302,0.0052,33.1851,-38.0644,0.0000,-0.0193,-0.0193,0.0387,0.0000,0.0000,0.0031,0.0012
0.2000,0.0001,1.8410,-0.0301,0.0052,33.1847,-38.0683,0.0000,-0.0195,-0.0195,0.0386,0.0000,0.0000,0.0031,0.0012
0.2000,0.0001,1.8410,-0.0301,0.0052,33.1857,-38.0676,0.0000,-0.0185,-0.0185,0.0384,0.0000,0.0000,0.0031,0.0012
0.2000,0.0001,1.8410,-0.0302,0.0052,33.1851,-38.0686,0.0000,-0.0190,-0.0190,0.0387,0.0000,0.0000,0.0031,0.0012
0.2000,0.0001,1.8410,-0.0302,0.0052,33.1851,-38.0695,0.0000,-0.0189,-0.0189,0.0385,0.0000,0.0000,0.0031,0.0012
0.2000,0.0001,1.8410,-0.0302,0.0052,33.1854,-38.0709,0.0000,-0.0186,-0.0186,0.0384,0.0000,0.0000,0.0031,0.0012
0.2000,0.0001,1.8410,-0.0302,0.0052,33.1847,-38.0727,0.0000,-0.0191,-0.0191,0.0387,0.0000,0.0000,0.0031,0.0012
0.2000,0.0001,1.8410,-0.0302,0.0052,33.1846,-38.0709,0.0000,-0.0193,-0.0193,0.0387,0.0000,0.0000,0.0031,0.0012
0.2000,0.0001,1.8410,-0.0301,0.0052,33.1845,-38.0726,0.0000,-0.0194,-0.0194,0.0385,0.0000,0.0000,0.0031,0.0012
0.2000,0.0001,1.8410,-0.0301,0.0052,33.1850,-38.0717,0.0000,-0.0189,-0.0189,0.0385,0.0000,0.0000,0.0031,0.0012
0.2000,0.0001,1.8410,-0.0302,0.0052,33.1860,-38.0685,0.0000,-0.0181,-0.0181,0.0384,0.0000,0.0000,0.0031,0.0012
0.2000,0.0001,1.8410,-0.0301,0.0052,33.1852,-38.0661,0.0000,-0.0191,-0.0191,0.0383,0.0000,0.0000,0.0031,0.0012
0.2000,0.0001,1.8410,-0.0301,0.0052,33.1859,-38.0694,0.0000,-0.0182,-0.0182,0.0384,0.0000,0.0000,0.0031,0.0012
0.2000,0.0001,1.8410,-0.0301,0.0052,33.1845,-38.0680,0.0000,-0.0196,-0.0196,0.0385,0.0000,0.0000,0.0031,0.0012
0.2000,0.0001,1.8410,-0.0301,0.0052,33.1850,-38.0682,0.0000,-0.0191,-0.0191,0.0385,0.0000,0.0000,0.0031,0.0012
0.2000,0.0001,1.8410,-0.0300,0.0052,33.1844,-38.0683,0.0000,-0.0198,-0.0198,0.0386,0.0000,0.0000,0.0031,0.0012
0.2000,0.0001,1.8410,-0.0302,0.0052,33.1859,-38.0663,0.0000,-0.0184,-0.0184,0.0387,0.0000,0.0000,0.0031,0.0012
