u_a,v_real,v_ref,u_delta,delta_d,px,py,theta1,cte,cte_real,epsi,vx,vy,kappa,beta,steer
0.2000,0.0001,0.0201,0.0084,0.0058,15.4773,-4.6921,0.0000,0.0955,0.0955,-0.0181,0.0000,0.0000,0.0035,0.0014,-0.0000
0.2000,0.0001,0.0401,0.0164,0.0058,15.4783,-4.6898,0.0000,0.0979,0.0979,-0.0179,0.0000,0.0000,0.0035,0.0014,-0.0000
0.1999,0.0001,0.0601,0.0143,0.0058,15.4800,-4.6899,0.0000,0.0979,0.0979,-0.0177,0.0000,0.0000,0.0035,0.0014,-0.0000
0.1999,0.0001,0.0801,0.0072,0.0058,15.4862,-4.6923,0.0000,0.0960,0.0960,-0.0171,0.0000,0.0000,0.0035,0.0014,-0.0000
0.1998,0.0001,0.1001,-0.0004,0.0058,15.4846,-4.6949,0.0000,0.0933,0.0933,-0.0179,0.0000,0.0000,0.0035,0.0014,0.0058
0.1999,0.0656,0.1201,-0.0087,0.0058,15.4818,-4.6942,0.0000,0.0932,0.0932,-0.0176,0.0000,0.0000,0.0035,0.0014,0.0130
0.2000,0.0001,0.1401,-0.0171,0.0058,15.4826,-4.6918,0.0000,0.0962,0.0962,-0.0181,0.0000,0.0000,0.0035,0.0014,0.0130
0.2000,0.0001,0.1601,-0.0255,0.0058,15.4788,-4.6928,0.0000,0.0949,0.0949,-0.0185,0.0000,0.0000,0.0035,0.0014,0.0078
0.2000,0.0001,0.1801,-0.0332,0.0058,15.4815,-4.6932,0.0000,0.0947,0.0947,-0.0183,0.0000,0.0000,0.0035,0.0014,0.0014
0.2000,0.0001,0.2001,-0.0397,0.0058,15.4871,-4.6964,0.0000,0.0920,0.0920,-0.0185,0.0000,0.0000,0.0035,0.0014,-0.0056
0.2000,0.0001,0.2201,-0.0453,0.0058,15.4873,-4.6971,0.0000,0.0913,0.0913,-0.0188,0.0000,0.0000,0.0035,0.0014,-0.0137
0.2000,0.0643,0.2401,-0.0530,0.0058,15.4957,-4.6957,0.0000,0.0928,0.0928,-0.0197,0.0000,0.0000,0.0035,0.0014,-0.0218
0.2000,0.0001,0.2601,-0.0569,0.0058,15.4917,-4.6960,0.0000,0.0927,0.0927,-0.0192,0.0000,0.0000,0.0035,0.0014,-0.0292
0.1999,0.0838,0.2801,-0.0653,0.0058,15.4867,-4.6933,0.0000,0.0942,0.0942,-0.0215,0.0000,0.0000,0.0035,0.0014,-0.0358
0.2000,0.0001,0.3001,-0.0673,0.0058,15.4833,-4.6951,0.0000,0.0930,0.0930,-0.0194,0.0000,0.0000,0.0035,0.0014,-0.0409
0.1999,0.0537,0.3201,-0.0715,0.0058,15.4832,-4.6966,0.0000,0.0910,0.0910,-0.0203,0.0000,0.0000,0.0035,0.0014,-0.0513
0.1999,0.0001,0.3401,-0.0735,0.0058,15.4848,-4.6960,0.0000,0.0922,0.0922,-0.0194,0.0000,0.0000,0.0035,0.0014,-0.0572
0.2000,0.0001,0.3601,-0.0761,0.0058,15.4907,-4.6989,0.0000,0.0898,0.0898,-0.0195,0.0000,0.0000,0.0035,0.0014,-0.0624
0.2000,0.0001,0.3801,-0.0783,0.0058,15.4863,-4.6947,0.0000,0.0937,0.0937,-0.0197,0.0000,0.0000,0.0035,0.0014,-0.0675
0.2000,0.0655,0.4001,-0.0782,0.0058,15.4869,-4.6964,0.0000,0.0913,0.0913,-0.0222,0.0000,0.0000,0.0035,0.0014,-0.0707
0.2000,0.0600,0.4201,-0.0782,0.0058,15.4850,-4.6931,0.0000,0.0944,0.0944,-0.0217,0.0000,0.0000,0.0035,0.0014,-0.0731
0.2000,0.0001,0.4401,-0.0782,0.0058,15.4855,-4.6937,0.0000,0.0945,0.0945,-0.0212,0.0000,0.0000,0.0035,0.0014,-0.0753
0.2000,0.0001,0.4601,-0.0767,0.0058,15.4849,-4.6967,0.0000,0.0915,0.0915,-0.0200,0.0000,0.0000,0.0035,0.0014,-0.0775
0.2000,0.0001,0.4801,-0.0748,0.0058,15.4886,-4.6969,0.0000,0.0916,0.0916,-0.0198,0.0000,0.0000,0.0035,0.0014,-0.0781
0.2000,0.0001,0.5001,-0.0708,0.0058,15.4971,-4.6959,0.0000,0.0933,0.0933,-0.0198,0.0000,0.0000,0.0035,0.0014,-0.0781
0.2000,0.0001,0.5201,-0.0667,0.0058,15.5083,-4.6986,0.0000,0.0915,0.0915,-0.0197,0.0000,0.0000,0.0035,0.0014,-0.0781
0.2000,0.0845,0.5401,-0.0602,0.0058,15.5253,-4.7049,0.0000,0.0856,0.0856,-0.0226,0.0000,0.0000,0.0035,0.0014,-0.0770
0.2000,0.1142,0.5601,-0.0542,0.0058,15.5428,-4.7069,0.0000,0.0847,0.0847,-0.0244,0.0000,0.0000,0.0035,0.0014,-0.0753
0.2000,0.1809,0.5801,-0.0610,-0.0090,15.5757,-4.7081,0.0000,0.0846,0.0846,-0.0390,0.0000,0.0000,-0.0054,-0.0022,-0.0721
0.2000,0.1744,0.6001,-0.0528,-0.0090,15.6135,-4.7138,0.0000,0.0816,0.0816,-0.0394,0.0000,0.0000,-0.0054,-0.0022,-0.0637
0.1999,0.3264,0.6201,-0.0444,-0.0090,15.6461,-4.7195,0.0000,0.0749,0.0749,-0.0439,0.0000,0.0000,-0.0054,-0.0022,-0.0637
0.1999,0.3794,0.6401,-0.0360,-0.0090,15.7079,-4.7283,0.0000,0.0687,0.0687,-0.0473,0.0000,0.0000,-0.0054,-0.0022,-0.0594
0.1999,0.3281,0.6601,-0.0276,-0.0090,15.7549,-4.7338,0.0000,0.0674,0.0674,-0.0484,0.0000,0.0000,-0.0054,-0.0022,-0.0594
0.2000,0.6203,0.6801,-0.0192,-0.0090,15.8089,-4.7413,0.0000,0.0558,0.0558,-0.0553,0.0000,0.0000,-0.0054,-0.0022,-0.0596
0.2000,0.4693,0.7001,-0.0109,-0.0090,15.8450,-4.7483,0.0000,0.0554,0.0554,-0.0522,0.0000,0.0000,-0.0054,-0.0022,-0.0524
0.2000,0.5404,0.7201,-0.0025,0.0050,15.9091,-4.7588,0.0000,0.0476,0.0476,-0.0457,0.0000,0.0000,0.0030,0.0012,-0.0378
0.2000,0.3649,0.7401,0.0059,0.0050,15.9674,-4.7687,0.0000,0.0461,0.0461,-0.0442,0.0000,0.0000,0.0030,0.0012,-0.0312
0.2000,0.6447,0.7601,0.0143,0.0050,16.0474,-4.8230,0.0000,-0.0128,-0.0128,-0.0606,0.0000,0.0000,0.0030,0.0012,-0.0234
0.1999,0.5870,0.7801,0.0227,0.0050,16.0799,-4.7690,0.0000,0.0486,0.0486,-0.0475,0.0000,0.0000,0.0030,0.0012,-0.0081
-0.0001,0.9948,0.8001,0.0311,0.0050,16.1769,-4.8374,0.0000,-0.0257,-0.0257,-0.0552,0.0000,0.0000,0.0030,0.0012,-0.0001
0.2000,0.6706,0.8201,0.0395,0.0050,16.2146,-4.7890,0.0000,0.0379,0.0379,-0.0438,0.0000,0.0000,0.0030,0.0012,0.0076
-0.0000,1.1988,0.8401,0.0311,-0.0043,16.2815,-4.8142,0.0000,0.0138,0.0138,0.0057,0.0000,0.0000,-0.0026,-0.0010,0.0096
0.2000,0.6504,0.8601,0.0395,0.0050,16.3575,-4.8223,0.0000,0.0183,0.0183,-0.0367,0.0000,0.0000,0.0030,0.0012,0.0212
0.1999,0.7055,0.8801,0.0311,-0.0043,16.4280,-4.8218,0.0000,0.0244,0.0244,0.0106,0.0000,0.0000,-0.0026,-0.0010,0.0290
0.2000,0.7571,0.9001,0.0229,-0.0043,16.5204,-4.8282,0.0000,0.0303,0.0303,0.0134,0.0000,0.0000,-0.0026,-0.0010,0.0340
0.1999,0.6997,0.9201,0.0145,-0.0043,16.5964,-4.8264,0.0000,0.0411,0.0411,0.0124,0.0000,0.0000,-0.0026,-0.0010,0.0302
0.2000,0.9193,0.9401,0.0061,-0.0043,16.6784,-4.8344,0.0000,0.0461,0.0461,0.0182,0.0000,0.0000,-0.0026,-0.0010,0.0349
0.2000,0.7536,0.9601,-0.0023,-0.0043,16.7476,-4.8476,0.0000,0.0407,0.0407,0.0179,0.0000,0.0000,-0.0026,-0.0010,0.0302
0.1999,0.8174,0.9801,-0.0106,-0.0043,16.8192,-4.8645,0.0000,0.0336,0.0336,0.0181,0.0000,0.0000,-0.0026,-0.0010,0.0218
0.2000,0.6971,1.0001,-0.0190,-0.0043,16.9070,-4.8857,0.0000,0.0216,0.0216,0.0149,0.0000,0.0000,-0.0026,-0.0010,0.0134
0.2000,0.7283,1.0201,-0.0274,-0.0043,16.9822,-4.8961,0.0000,0.0207,0.0207,0.0140,0.0000,0.0000,-0.0026,-0.0010,0.0061
0.2000,0.8964,1.0401,-0.0358,-0.0385,17.0584,-4.9003,0.0000,0.0146,0.0146,-0.0972,0.0000,0.0000,-0.0232,-0.0093,-0.0014
0.1999,0.7529,1.0601,-0.0274,-0.0385,17.1211,-4.9079,0.0000,0.0137,0.0137,-0.1009,0.0000,0.0000,-0.0232,-0.0093,-0.0095
0.1999,0.7561,1.0801,-0.0190,-0.0385,17.2034,-4.9185,0.0000,0.0034,0.0034,-0.1038,0.0000,0.0000,-0.0232,-0.0093,-0.0170
0.1999,0.6262,1.1001,-0.0106,-0.0385,17.3008,-4.9279,0.0000,0.0005,0.0005,-0.1087,0.0000,0.0000,-0.0232,-0.0093,-0.0250
0.1999,0.8228,1.1201,-0.0023,-0.0385,17.3904,-4.9417,0.0000,-0.0230,-0.0230,-0.1116,0.0000,0.0000,-0.0232,-0.0093,-0.0319
0.1999,0.9709,1.1401,0.0061,-0.0385,17.4927,-4.9642,0.0000,-0.0529,-0.0529,-0.1130,0.0000,0.0000,-0.0232,-0.0093,-0.0247
0.1999,0.8987,1.1601,0.0145,-0.0199,17.5918,-4.9722,0.0000,-0.0550,-0.0550,-0.0659,0.0000,0.0000,-0.0120,-0.0048,-0.0162
0.2000,1.0386,1.1801,0.0229,-0.0199,17.6870,-4.9831,0.0000,-0.0637,-0.0637,-0.0629,0.0000,0.0000,-0.0120,-0.0048,-0.0083
0.1999,0.9863,1.2001,0.0313,-0.0199,17.7977,-4.9968,0.0000,-0.0694,-0.0694,-0.0619,0.0000,0.0000,-0.0120,-0.0048,-0.0006
0.1999,0.9497,1.2201,0.0397,-0.0199,17.8948,-5.0048,0.0000,-0.0688,-0.0688,-0.0570,0.0000,0.0000,-0.0120,-0.0048,0.0070
0.2000,1.1065,1.2401,0.0481,-0.0199,17.9980,-5.0220,0.0000,-0.0822,-0.0822,-0.0513,0.0000,0.0000,-0.0120,-0.0048,0.0145
0.1999,0.9658,1.2601,0.0565,-0.0199,18.1050,-5.0448,0.0000,-0.0932,-0.0932,-0.0468,0.0000,0.0000,-0.0120,-0.0048,0.0220
0.1999,1.0369,1.2801,0.0649,-0.0164,18.2160,-5.0544,0.0000,-0.0949,-0.0949,-0.0158,0.0000,0.0000,-0.0099,-0.0039,0.0295
0.2000,1.0838,1.3001,0.0733,-0.0164,18.3214,-5.0629,0.0000,-0.0918,-0.0918,-0.0087,0.0000,0.0000,-0.0099,-0.0039,0.0365
0.1999,1.1047,1.3201,0.0718,-0.0164,18.4164,-5.0675,0.0000,-0.0863,-0.0863,-0.0033,0.0000,0.0000,-0.0099,-0.0039,0.0438
0.1999,1.0497,1.3401,0.0634,-0.0164,18.5224,-5.0688,0.0000,-0.0761,-0.0761,0.0019,0.0000,0.0000,-0.0099,-0.0039,0.0503
0.1999,0.9439,1.3601,0.0550,-0.0164,18.6375,-5.0760,0.0000,-0.0706,-0.0706,0.0083,0.0000,0.0000,-0.0099,-0.0039,0.0619
0.1999,1.1446,1.3801,0.0534,-0.0098,18.7642,-5.0846,0.0000,-0.0645,-0.0645,0.0226,0.0000,0.0000,-0.0059,-0.0024,0.0684
0.2000,1.1446,1.4001,0.0450,-0.0098,18.8763,-5.0813,0.0000,-0.0492,-0.0492,0.0258,0.0000,0.0000,-0.0059,-0.0024,0.0671
0.2000,1.1446,1.4201,0.0366,-0.0098,19.0021,-5.0797,0.0000,-0.0449,-0.0449,0.0086,0.0000,0.0000,-0.0059,-0.0024,0.0550
0.2000,1.1143,1.4401,0.0282,-0.0098,19.1352,-5.0980,0.0000,-0.0499,-0.0499,0.0095,0.0000,0.0000,-0.0059,-0.0024,0.0484
0.1999,1.2416,1.4601,0.0198,-0.0262,19.2523,-5.0860,0.0000,-0.0185,-0.0185,-0.0011,0.0000,0.0000,-0.0158,-0.0063,0.0473
0.2000,1.3322,1.4801,0.0142,-0.0262,19.3917,-5.0964,0.0000,-0.0271,-0.0271,-0.0114,0.0000,0.0000,-0.0158,-0.0063,0.0406
0.2000,1.1852,1.5001,0.0000,-0.0262,19.5166,-5.0956,0.0000,-0.0081,-0.0081,0.0018,0.0000,0.0000,-0.0158,-0.0063,0.0335
0.2000,1.3863,1.5201,0.0000,-0.0262,19.6515,-5.1015,0.0000,-0.0034,-0.0034,0.0050,0.0000,0.0000,-0.0158,-0.0063,0.0258
0.2000,1.2482,1.5401,-0.0001,-0.0179,19.7915,-5.1030,0.0000,0.0033,0.0033,0.0305,0.0000,0.0000,-0.0108,-0.0043,0.0184
0.2000,1.3396,1.5601,-0.0085,-0.0179,19.9225,-5.1009,0.0000,0.0193,0.0193,0.0307,0.0000,0.0000,-0.0108,-0.0043,0.0133
0.2000,1.3002,1.5801,-0.0169,-0.0179,20.0609,-5.1171,0.0000,0.0137,0.0137,0.0264,0.0000,0.0000,-0.0108,-0.0043,0.0038
0.2000,1.3002,1.6001,-0.0253,-0.0179,20.2264,-5.1331,0.0000,0.0121,0.0121,0.0246,0.0000,0.0000,-0.0108,-0.0043,-0.0002
0.2000,1.3816,1.6201,0.0000,-0.0459,20.3967,-5.1494,0.0000,0.0055,0.0055,-0.0054,0.0000,0.0000,-0.0277,-0.0111,-0.0007
0.1936,1.6482,1.6401,0.0000,-0.0459,20.5344,-5.1575,0.0000,0.0030,0.0030,-0.0099,0.0000,0.0000,-0.0277,-0.0111,-0.0072
0.1688,1.6969,1.6601,0.0084,-0.0229,20.6819,-5.1613,0.0000,0.0125,0.0125,0.0447,0.0000,0.0000,-0.0138,-0.0055,-0.0148
0.1999,1.3672,1.6801,0.0002,-0.0229,20.8586,-5.1938,0.0000,-0.0078,-0.0078,0.0411,0.0000,0.0000,-0.0138,-0.0055,-0.0223
0.1999,1.4627,1.7001,-0.0080,-0.0229,21.0276,-5.2176,0.0000,-0.0084,-0.0084,0.0425,0.0000,0.0000,-0.0138,-0.0055,-0.0143
0.1505,1.7824,1.7201,-0.0164,-0.0529,21.1795,-5.2184,0.0000,0.0215,0.0215,0.0478,0.0000,0.0000,-0.0319,-0.0127,-0.0017
0.2003,1.6928,1.7401,-0.0246,-0.0529,21.3480,-5.2056,0.0000,0.0535,0.0535,0.0514,0.0000,0.0000,-0.0319,-0.0127,0.0069
0.1999,1.5071,1.7601,-0.0330,-0.0529,21.4971,-5.2069,0.0000,0.0650,0.0650,0.0491,0.0000,0.0000,-0.0319,-0.0127,0.0008
0.2000,1.6750,1.7801,-0.0271,-0.0386,21.6617,-5.2211,0.0000,0.0702,0.0702,0.0308,0.0000,0.0000,-0.0233,-0.0093,-0.0068
0.2000,1.4788,1.8001,-0.0355,-0.0386,21.8393,-5.2321,0.0000,0.0724,0.0724,0.0252,0.0000,0.0000,-0.0233,-0.0093,-0.0145
0.2000,1.6382,1.8201,-0.0439,-0.0386,22.0178,-5.2360,0.0000,0.0831,0.0831,0.0142,0.0000,0.0000,-0.0233,-0.0093,-0.0225
0.2000,1.7634,1.8401,-0.0523,-0.0386,22.1553,-5.2740,0.0000,0.0489,0.0489,-0.0025,0.0000,0.0000,-0.0233,-0.0093,-0.0299
0.2000,1.7690,1.8601,-0.0607,-0.0627,22.3309,-5.2791,0.0000,0.0740,0.0740,0.0242,0.0000,0.0000,-0.0378,-0.0151,-0.0257
0.2000,1.4258,1.8801,-0.0691,-0.0627,22.5245,-5.2886,0.0000,0.0791,0.0791,0.0182,0.0000,0.0000,-0.0378,-0.0151,-0.0313
0.2000,1.7455,1.9001,-0.0774,-0.0627,22.6884,-5.3023,0.0000,0.0822,0.0822,0.0054,0.0000,0.0000,-0.0378,-0.0151,-0.0400
0.2000,1.9200,1.9201,-0.0702,-0.0632,22.8579,-5.3162,0.0000,0.0756,0.0756,-0.0258,0.0000,0.0000,-0.0381,-0.0152,-0.0529
0.2000,1.6309,1.9401,-0.0619,-0.0632,23.0354,-5.3307,0.0000,0.0756,0.0756,-0.0336,0.0000,0.0000,-0.0381,-0.0152,-0.0591
0.2000,1.6846,1.9601,-0.0535,-0.0632,23.2163,-5.3501,0.0000,0.0652,0.0652,-0.0489,0.0000,0.0000,-0.0381,-0.0152,-0.0667
0.2000,1.7659,1.9801,-0.0619,-0.0929,23.4364,-5.3825,0.0000,0.0464,0.0464,-0.0466,0.0000,0.0000,-0.0561,-0.0225,-0.0764
0.2000,1.8040,2.0000,-0.0535,-0.0929,23.6241,-5.4188,0.0000,0.0274,0.0274,-0.0533,0.0000,0.0000,-0.0561,-0.0225,-0.0708
-0.1992,2.2074,2.0000,-0.0619,-0.1224,23.8060,-5.4574,0.0000,-0.0044,-0.0044,-0.0570,0.0000,0.0000,-0.0741,-0.0296,-0.0634
0.0006,1.8977,2.0000,-0.0535,-0.1224,23.9938,-5.4808,0.0000,0.0003,0.0003,-0.0561,0.0000,0.0000,-0.0741,-0.0296,-0.0562
0.1456,1.8462,2.0000,-0.0451,-0.1224,24.1734,-5.5100,0.0000,-0.0106,-0.0106,-0.0656,0.0000,0.0000,-0.0741,-0.0296,-0.0606
0.1524,1.8760,2.0000,-0.0367,-0.1224,24.3697,-5.5505,0.0000,-0.0315,-0.0315,-0.0731,0.0000,0.0000,-0.0741,-0.0296,-0.0574
0.1999,1.8038,2.0000,-0.0313,-0.1204,24.5673,-5.5900,0.0000,-0.0430,-0.0430,-0.0399,0.0000,0.0000,-0.0729,-0.0291,-0.0609
0.0634,1.9893,2.0000,-0.0229,-0.1204,24.7748,-5.6479,0.0000,-0.0711,-0.0711,-0.0466,0.0000,0.0000,-0.0729,-0.0291,-0.0558
0.0235,1.9983,2.0000,-0.0150,-0.1177,24.9636,-5.6939,0.0000,-0.0863,-0.0863,-0.0463,0.0000,0.0000,-0.0712,-0.0285,-0.0464
-0.1399,2.1389,2.0000,-0.0147,-0.1177,25.1677,-5.7469,0.0000,-0.1038,-0.1038,-0.0446,0.0000,0.0000,-0.0712,-0.0285,-0.0363
0.0382,1.9286,2.0000,-0.0146,-0.1177,25.3649,-5.8094,0.0000,-0.1256,-0.1256,-0.0416,0.0000,0.0000,-0.0712,-0.0285,-0.0302
-0.0706,2.0913,2.0000,-0.0220,-0.1166,25.5743,-5.8646,0.0000,-0.1245,-0.1245,0.0321,0.0000,0.0000,-0.0706,-0.0282,-0.0235
-0.0664,2.0522,2.0000,-0.0304,-0.1166,25.8008,-5.9118,0.0000,-0.1138,-0.1138,0.0338,0.0000,0.0000,-0.0706,-0.0282,-0.0169
-0.1581,2.1482,2.0000,-0.0388,-0.1310,26.0186,-5.9605,0.0000,-0.1179,-0.1179,-0.0184,0.0000,0.0000,-0.0794,-0.0317,-0.0137
-0.2000,2.2940,2.0000,-0.0402,-0.1310,26.2333,-6.0030,0.0000,-0.1220,-0.1220,-0.0233,0.0000,0.0000,-0.0794,-0.0317,-0.0136
-0.2000,2.2122,2.0000,-0.0486,-0.1398,26.4451,-6.0540,0.0000,-0.1266,-0.1266,0.0525,0.0000,0.0000,-0.0847,-0.0339,-0.0192
-0.2000,2.1701,2.0000,-0.0570,-0.1398,26.6572,-6.1091,0.0000,-0.1294,-0.1294,0.0426,0.0000,0.0000,-0.0847,-0.0339,-0.0240
-0.1922,2.1597,2.0000,-0.0654,-0.1398,26.8465,-6.1695,0.0000,-0.1465,-0.1465,0.0274,0.0000,0.0000,-0.0847,-0.0339,-0.0342
-0.2001,2.1742,2.0000,-0.0738,-0.1668,27.0628,-6.2273,0.0000,-0.1512,-0.1512,0.0072,0.0000,0.0000,-0.1014,-0.0406,-0.0373
-0.0267,1.9745,2.0000,-0.0808,-0.1668,27.2729,-6.2913,0.0000,-0.1686,-0.1686,-0.0066,0.0000,0.0000,-0.1014,-0.0406,-0.0475
-0.1997,2.2198,2.0000,-0.0750,-0.1527,27.4953,-6.3586,0.0000,-0.1742,-0.1742,0.0672,0.0000,0.0000,-0.0927,-0.0371,-0.0558
-0.2000,2.1805,2.0000,-0.0834,-0.1527,27.6877,-6.4262,0.0000,-0.1831,-0.1831,0.0520,0.0000,0.0000,-0.0927,-0.0371,-0.0639
-0.2000,2.3056,2.0000,-0.0918,-0.1580,27.8812,-6.4984,0.0000,-0.1863,-0.1863,0.1148,0.0000,0.0000,-0.0960,-0.0384,-0.0719
-0.0827,2.0267,2.0000,-0.1002,-0.1580,28.0971,-6.5618,0.0000,-0.1787,-0.1787,0.1052,0.0000,0.0000,-0.0960,-0.0384,-0.0787
-0.0707,2.0521,2.0000,-0.1086,-0.1580,28.2789,-6.6377,0.0000,-0.1767,-0.1767,0.0952,0.0000,0.0000,-0.0960,-0.0384,-0.0755
-0.2001,2.2317,2.0000,-0.1170,-0.1642,28.4850,-6.7255,0.0000,-0.1657,-0.1657,0.1124,0.0000,0.0000,-0.0998,-0.0399,-0.0809
-0.0109,1.9587,2.0000,-0.1254,-0.1642,28.6791,-6.8042,0.0000,-0.1737,-0.1737,0.1029,0.0000,0.0000,-0.0998,-0.0399,-0.0858
-0.1999,2.2274,2.0000,-0.1243,-0.1547,28.8665,-6.8920,0.0000,-0.1684,-0.1684,0.0708,0.0000,0.0000,-0.0940,-0.0376,-0.0954
-0.1373,2.0813,2.0000,-0.1219,-0.1547,29.0567,-6.9911,0.0000,-0.1922,-0.1922,0.0537,0.0000,0.0000,-0.0940,-0.0376,-0.1031
-0.1075,2.0599,2.0000,-0.1135,-0.1547,29.2419,-7.0902,0.0000,-0.2123,-0.2123,0.0347,0.0000,0.0000,-0.0940,-0.0376,-0.1091
-0.1558,2.1378,2.0000,-0.1219,-0.2080,29.4304,-7.1765,0.0000,-0.2061,-0.2061,0.0872,0.0000,0.0000,-0.1271,-0.0508,-0.1155
-0.1283,2.0924,2.0000,-0.1303,-0.2080,29.5995,-7.2539,0.0000,-0.2030,-0.2030,0.0692,0.0000,0.0000,-0.1271,-0.0508,-0.1201
-0.0931,2.0602,2.0000,-0.1387,-0.2080,29.7904,-7.3578,0.0000,-0.2044,-0.2044,0.0582,0.0000,0.0000,-0.1271,-0.0508,-0.1180
0.1070,1.8467,2.0000,-0.1471,-0.2219,29.9713,-7.4618,0.0000,-0.2167,-0.2167,0.0424,0.0000,0.0000,-0.1359,-0.0543,-0.1135
-0.0928,2.1616,2.0000,-0.1407,-0.2219,30.1358,-7.5665,0.0000,-0.2335,-0.2335,0.0142,0.0000,0.0000,-0.1359,-0.0543,-0.1132
-0.0930,2.0768,2.0000,-0.1323,-0.1932,30.3191,-7.6761,0.0000,-0.2518,-0.2518,0.1046,0.0000,0.0000,-0.1179,-0.0471,-0.1215
0.0219,1.9453,2.0000,-0.1407,-0.1932,30.4913,-7.8005,0.0000,-0.2727,-0.2727,0.0859,0.0000,0.0000,-0.1179,-0.0471,-0.1290
-0.1245,2.1251,2.0000,-0.1459,-0.1932,30.6690,-7.9128,0.0000,-0.2652,-0.2652,0.0578,0.0000,0.0000,-0.1179,-0.0471,-0.1367
-0.1403,2.1221,2.0000,-0.1475,-0.1864,30.8407,-8.0237,0.0000,-0.2599,-0.2599,0.1076,0.0000,0.0000,-0.1136,-0.0454,-0.1373
-0.1214,2.0899,2.0000,-0.1559,-0.1864,31.0161,-8.1540,0.0000,-0.2598,-0.2598,0.0945,0.0000,0.0000,-0.1136,-0.0454,-0.1320
-0.0650,2.0324,2.0000,-0.1592,-0.1864,31.1888,-8.2841,0.0000,-0.2666,-0.2666,0.0751,0.0000,0.0000,-0.1136,-0.0454,-0.1347
-0.1773,2.1777,2.0000,-0.1557,-0.1746,31.3422,-8.3908,0.0000,-0.2459,-0.2459,0.1154,0.0000,0.0000,-0.1063,-0.0425,-0.1383
-0.1866,2.1538,2.0000,-0.1641,-0.1746,31.5043,-8.5303,0.0000,-0.2522,-0.2522,0.0953,0.0000,0.0000,-0.1063,-0.0425,-0.1414
0.0134,1.8575,2.0000,-0.1557,-0.1746,31.6633,-8.6573,0.0000,-0.2648,-0.2648,0.0833,0.0000,0.0000,-0.1063,-0.0425,-0.1487
-0.1198,2.1335,2.0000,-0.1533,-0.1638,31.8155,-8.7828,0.0000,-0.2356,-0.2356,0.1598,0.0000,0.0000,-0.0995,-0.0398,-0.1567
-0.0584,2.0263,2.0000,-0.1617,-0.1638,31.9750,-8.9415,0.0000,-0.2422,-0.2422,0.1406,0.0000,0.0000,-0.0995,-0.0398,-0.1567
0.0188,1.9632,2.0000,-0.1701,-0.1638,32.1144,-9.0838,0.0000,-0.2463,-0.2463,0.1224,0.0000,0.0000,-0.0995,-0.0398,-0.1572
-0.1812,2.2498,2.0000,-0.1617,-0.1455,32.2457,-9.2188,0.0000,-0.2153,-0.2153,0.1470,0.0000,0.0000,-0.0883,-0.0353,-0.1605
-0.0378,1.9905,2.0000,-0.1700,-0.1455,32.3964,-9.4120,0.0000,-0.2581,-0.2581,0.1254,0.0000,0.0000,-0.0883,-0.0353,-0.1543
0.1343,1.8793,2.0000,-0.1784,-0.1455,32.5259,-9.4627,0.0000,-0.1984,-0.1984,0.1195,0.0000,0.0000,-0.0883,-0.0353,-0.1551
-0.0657,2.4718,2.0000,-0.1868,-0.1800,32.6559,-9.6639,0.0000,-0.2186,-0.2186,0.0338,0.0000,0.0000,-0.1097,-0.0438,-0.1621
0.1343,1.3600,2.0000,-0.1784,-0.1800,32.7991,-9.8365,0.0000,-0.2583,-0.2583,0.0640,0.0000,0.0000,-0.1097,-0.0438,-0.1629
-0.0657,2.4004,2.0000,-0.1700,-0.1087,32.9183,-9.9961,0.0000,-0.2023,-0.2023,0.2131,0.0000,0.0000,-0.0657,-0.0263,-0.1629
-0.2000,2.2383,2.0000,-0.1784,-0.1087,33.0496,-10.1616,0.0000,-0.2008,-0.2008,0.1875,0.0000,0.0000,-0.0657,-0.0263,-0.1700
-0.0458,1.9937,2.0000,-0.1868,-0.1087,33.1703,-10.3370,0.0000,-0.2100,-0.2100,0.1727,0.0000,0.0000,-0.0657,-0.0263,-0.1773
-0.1074,2.1091,2.0000,-0.1952,-0.1138,33.2955,-10.5029,0.0000,-0.1700,-0.1700,0.1715,0.0000,0.0000,-0.0688,-0.0275,-0.1818
-0.1535,2.1253,2.0000,-0.2036,-0.1138,33.3856,-10.6820,0.0000,-0.1770,-0.1770,0.1505,0.0000,0.0000,-0.0688,-0.0275,-0.1738
-0.1079,2.0689,2.0000,-0.2120,-0.1150,33.4957,-10.8649,0.0000,-0.1756,-0.1756,0.1516,0.0000,0.0000,-0.0696,-0.0278,-0.1698
-0.0451,2.0163,2.0000,-0.2052,-0.1150,33.5783,-11.0293,0.0000,-0.1932,-0.1932,0.1195,0.0000,0.0000,-0.0696,-0.0278,-0.1773
-0.1351,2.1350,2.0000,-0.1968,-0.1150,33.6671,-11.2681,0.0000,-0.2538,-0.2538,0.0478,0.0000,0.0000,-0.0696,-0.0278,-0.1879
0.0651,1.8521,2.0000,-0.1884,-0.1150,33.7987,-11.3476,0.0000,-0.1837,-0.1837,0.0429,0.0000,0.0000,-0.0696,-0.0278,-0.1986
-0.1349,2.5996,2.0000,-0.1800,-0.1033,33.8550,-11.5488,0.0000,-0.2106,-0.2106,0.0122,0.0000,0.0000,-0.0625,-0.0250,-0.2013
0.0649,1.4910,2.0000,-0.1716,-0.1033,33.9358,-11.7262,0.0000,-0.2394,-0.2394,0.0469,0.0000,0.0000,-0.0625,-0.0250,-0.2031
-0.1001,2.1105,2.0000,-0.1644,-0.1045,34.0394,-11.9191,0.0000,-0.2197,-0.2197,0.0110,0.0000,0.0000,-0.0632,-0.0253,-0.1915
0.0201,1.9475,2.0000,-0.1560,-0.1045,34.1179,-12.0667,0.0000,-0.2141,-0.2141,-0.0048,0.0000,0.0000,-0.0632,-0.0253,-0.1862
-0.1632,2.1683,2.0000,-0.1476,-0.1045,34.1910,-12.2409,0.0000,-0.2212,-0.2212,-0.0386,0.0000,0.0000,-0.0632,-0.0253,-0.1778
0.0367,1.6522,2.0000,-0.1393,-0.1045,34.2465,-12.4164,0.0000,-0.2283,-0.2283,-0.0284,0.0000,0.0000,-0.0632,-0.0253,-0.1694
0.1284,1.8758,2.0000,-0.1309,-0.0663,34.2882,-12.6138,0.0000,-0.2524,-0.2524,0.0229,0.0000,0.0000,-0.0400,-0.0160,-0.1634
0.1848,1.8334,2.0000,-0.1225,-0.0663,34.3611,-12.8014,0.0000,-0.2369,-0.2369,0.0098,0.0000,0.0000,-0.0400,-0.0160,-0.1547
0.0322,2.0153,2.0000,-0.1212,-0.0735,34.4296,-12.9785,0.0000,-0.2181,-0.2181,0.0007,0.0000,0.0000,-0.0444,-0.0177,-0.1414
0.0182,1.9929,2.0000,-0.1129,-0.0735,34.4955,-13.1710,0.0000,-0.2064,-0.2064,-0.0100,0.0000,0.0000,-0.0444,-0.0177,-0.1339
0.1177,1.8793,2.0000,-0.1045,-0.0735,34.5534,-13.3380,0.0000,-0.1958,-0.1958,-0.0169,0.0000,0.0000,-0.0444,-0.0177,-0.1262
0.0153,2.0146,2.0000,-0.0961,-0.0735,34.5936,-13.5237,0.0000,-0.2061,-0.2061,-0.0304,0.0000,0.0000,-0.0444,-0.0177,-0.1185
0.2000,1.7492,2.0000,-0.0877,-0.0538,34.6263,-13.7044,0.0000,-0.2137,-0.2137,0.0412,0.0000,0.0000,-0.0324,-0.0130,-0.1171
0.1613,1.8873,2.0000,-0.0793,-0.0538,34.6598,-13.8893,0.0000,-0.2116,-0.2116,0.0283,0.0000,0.0000,-0.0324,-0.0130,-0.1093
0.2000,1.8246,2.0000,-0.0710,-0.0538,34.7052,-14.0695,0.0000,-0.1985,-0.1985,0.0243,0.0000,0.0000,-0.0324,-0.0130,-0.1014
0.2002,1.8679,2.0000,-0.0626,-0.0457,34.7423,-14.2579,0.0000,-0.1936,-0.1936,0.0441,0.0000,0.0000,-0.0276,-0.0110,-0.0941
0.2000,1.8410,2.0000,-0.0542,-0.0457,34.7831,-14.4469,0.0000,-0.1799,-0.1799,0.0394,0.0000,0.0000,-0.0276,-0.0110,-0.0866
0.1471,1.9048,2.0000,-0.0458,-0.0457,34.8171,-14.6302,0.0000,-0.1700,-0.1700,0.0327,0.0000,0.0000,-0.0276,-0.0110,-0.0805
0.1224,1.9171,2.0000,-0.0456,-0.0372,34.8621,-14.8168,0.0000,-0.1457,-0.1457,0.0734,0.0000,0.0000,-0.0224,-0.0090,-0.0714
0.1831,1.8499,2.0000,-0.0540,-0.0372,34.8974,-15.0113,0.0000,-0.1278,-0.1278,0.0730,0.0000,0.0000,-0.0224,-0.0090,-0.0636
0.1558,1.9000,2.0000,-0.0622,-0.0372,34.9314,-15.2052,0.0000,-0.1087,-0.1087,0.0683,0.0000,0.0000,-0.0224,-0.0090,-0.0561
0.2000,1.9604,2.0200,-0.0624,-0.0290,34.9803,-15.4151,0.0000,-0.0716,-0.0716,0.0964,0.0000,0.0000,-0.0175,-0.0070,-0.0490
0.2000,1.9515,2.0400,-0.0708,-0.0290,35.0061,-15.6240,0.0000,-0.0586,-0.0586,0.0892,0.0000,0.0000,-0.0175,-0.0070,-0.0496
-0.0022,2.1349,2.0478,-0.0792,-0.0290,35.0398,-15.8126,0.0000,-0.0330,-0.0330,0.0734,0.0000,0.0000,-0.0175,-0.0070,-0.0568
0.0128,2.0874,2.0549,-0.0876,-0.0300,35.0614,-16.0152,0.0000,-0.0273,-0.0273,0.0766,0.0000,0.0000,-0.0181,-0.0072,-0.0629
0.2000,1.8986,2.0749,-0.0960,-0.0300,35.0932,-16.2116,0.0000,-0.0158,-0.0158,0.0684,0.0000,0.0000,-0.0181,-0.0072,-0.0645
0.1170,2.0217,2.0792,-0.1043,-0.0300,35.1269,-16.3824,0.0000,0.0082,0.0082,0.0518,0.0000,0.0000,-0.0181,-0.0072,-0.0722
0.1605,1.9714,2.0831,-0.0960,-0.0300,35.1370,-16.5657,0.0000,-0.0162,-0.0162,0.0189,0.0000,0.0000,-0.0181,-0.0072,-0.0799
0.1999,1.7228,2.1031,-0.0964,-0.0221,35.1775,-16.8087,0.0000,0.0246,0.0246,0.0602,0.0000,0.0000,-0.0133,-0.0053,-0.0874
0.2000,1.8303,2.1046,-0.0963,-0.0221,35.1940,-17.0079,0.0000,0.0336,0.0336,0.0390,0.0000,0.0000,-0.0133,-0.0053,-0.0935
-0.0016,2.4456,2.1059,-0.0911,-0.0252,35.2144,-17.2418,0.0000,0.0440,0.0440,-0.0275,0.0000,0.0000,-0.0152,-0.0061,-0.1013
-0.1841,2.3278,2.1072,-0.0827,-0.0252,35.2344,-17.4482,0.0000,0.0472,0.0472,-0.0357,0.0000,0.0000,-0.0152,-0.0061,-0.0947
-0.1999,2.3278,2.1083,-0.0743,-0.0157,35.2303,-17.6682,0.0000,0.0122,0.0122,-0.0380,0.0000,0.0000,-0.0094,-0.0038,-0.0948
-0.2000,2.3278,2.1093,-0.0659,-0.0157,35.2450,-17.8787,0.0000,0.0389,0.0389,-0.0303,0.0000,0.0000,-0.0094,-0.0038,-0.0940
-0.0304,2.0940,2.1101,-0.0575,-0.0157,35.2541,-18.0793,0.0000,0.0398,0.0398,-0.0362,0.0000,0.0000,-0.0094,-0.0038,-0.0898
0.0102,2.0940,2.1110,-0.0491,-0.0088,35.2590,-18.2981,0.0000,0.0401,0.0401,-0.0324,0.0000,0.0000,-0.0053,-0.0021,-0.0847
0.0212,2.0940,2.1117,-0.0408,-0.0088,35.2592,-18.5036,0.0000,0.0413,0.0413,-0.0338,0.0000,0.0000,-0.0053,-0.0021,-0.0760
0.0784,2.0369,2.1123,-0.0324,-0.0088,35.2550,-18.7125,0.0000,0.0350,0.0350,-0.0389,0.0000,0.0000,-0.0053,-0.0021,-0.0697
0.0981,2.0369,2.1129,-0.0276,-0.0123,35.2494,-18.9282,0.0000,0.0303,0.0303,-0.0368,0.0000,0.0000,-0.0074,-0.0030,-0.0620
0.0719,2.0731,2.1134,-0.0193,-0.0123,35.2407,-19.1570,0.0000,0.0268,0.0268,-0.0362,0.0000,0.0000,-0.0074,-0.0030,-0.0537
0.0018,2.1387,2.1139,-0.0109,-0.0123,35.2385,-19.3774,0.0000,0.0271,0.0271,-0.0362,0.0000,0.0000,-0.0074,-0.0030,-0.0409
-0.1993,2.2707,2.1143,-0.0133,-0.0064,35.2287,-19.6167,0.0000,0.0278,0.0278,-0.0147,0.0000,0.0000,-0.0038,-0.0015,-0.0334
-0.2000,2.1844,2.1147,-0.0217,-0.0064,35.2291,-19.8367,0.0000,0.0394,0.0394,-0.0127,0.0000,0.0000,-0.0038,-0.0015,-0.0271
-0.2000,2.3750,2.1151,-0.0166,-0.0034,35.2565,-20.0538,0.0000,0.0710,0.0710,-0.0122,0.0000,0.0000,-0.0020,-0.0008,-0.0212
-0.1231,2.1802,2.1154,-0.0082,-0.0034,35.2087,-20.2268,0.0000,0.0243,0.0243,-0.0177,0.0000,0.0000,-0.0020,-0.0008,-0.0132
-0.1510,2.1635,2.1157,-0.0166,-0.0034,35.2337,-20.4505,0.0000,0.0740,0.0740,-0.0066,0.0000,0.0000,-0.0020,-0.0008,-0.0128
0.0488,1.7922,2.1159,-0.0120,-0.0034,35.2288,-20.6619,0.0000,0.0755,0.0755,-0.0149,0.0000,0.0000,-0.0020,-0.0008,-0.0200
-0.1507,2.2412,2.1161,-0.0204,-0.0065,35.2266,-20.8888,0.0000,0.0886,0.0886,0.0018,0.0000,0.0000,-0.0039,-0.0016,-0.0159
-0.0170,2.0960,2.1163,-0.0288,-0.0065,35.2214,-21.1090,0.0000,0.0988,0.0988,0.0033,0.0000,0.0000,-0.0039,-0.0016,-0.0097
-0.1483,2.2499,2.1165,-0.0234,0.0072,35.2071,-21.3460,0.0000,0.1025,0.1025,0.0114,0.0000,0.0000,0.0044,0.0017,-0.0113
-0.1737,2.1830,2.1167,-0.0311,0.0072,35.2047,-21.5701,0.0000,0.1137,0.1137,0.0063,0.0000,0.0000,0.0044,0.0017,-0.0128
-0.2000,2.3537,2.1168,-0.0340,0.0072,35.1955,-21.7763,0.0000,0.1139,0.1139,-0.0025,0.0000,0.0000,0.0044,0.0017,-0.0147
-0.1525,2.2213,2.1170,-0.0338,-0.0009,35.1888,-22.0046,0.0000,0.1193,0.1193,-0.0388,0.0000,0.0000,-0.0005,-0.0002,-0.0225
0.0297,2.0458,2.1171,-0.0254,-0.0009,35.1813,-22.2136,0.0000,0.1213,0.1213,-0.0437,0.0000,0.0000,-0.0005,-0.0002,-0.0237
-0.1353,2.2633,2.1172,-0.0170,-0.0009,35.1642,-22.4256,0.0000,0.1046,0.1046,-0.0524,0.0000,0.0000,-0.0005,-0.0002,-0.0261
0.0099,2.0724,2.1173,-0.0086,-0.0009,35.1471,-22.6429,0.0000,0.0998,0.0998,-0.0572,0.0000,0.0000,-0.0005,-0.0002,-0.0305
0.0121,2.1084,2.1174,-0.0087,-0.0093,35.1278,-22.8565,0.0000,0.0852,0.0852,-0.0641,0.0000,0.0000,-0.0056,-0.0022,-0.0322
-0.0360,2.1611,2.1175,-0.0003,-0.0093,35.1044,-23.0626,0.0000,0.0714,0.0714,-0.0631,0.0000,0.0000,-0.0056,-0.0022,-0.0257
-0.0219,2.1266,2.1175,0.0027,-0.0147,35.0812,-23.2873,0.0000,0.0637,0.0637,-0.0674,0.0000,0.0000,-0.0089,-0.0036,-0.0206
0.0537,2.0572,2.1176,0.0111,-0.0147,35.0653,-23.5100,0.0000,0.0627,0.0627,-0.0625,0.0000,0.0000,-0.0089,-0.0036,-0.0104
-0.1185,2.2392,2.1176,0.0194,-0.0147,35.0509,-23.7355,0.0000,0.0531,0.0531,-0.0631,0.0000,0.0000,-0.0089,-0.0036,-0.0082
-0.1187,2.2139,2.1177,0.0168,-0.0153,35.0405,-23.9545,0.0000,0.0606,0.0606,-0.0446,0.0000,0.0000,-0.0092,-0.0037,-0.0040
-0.1999,2.2396,2.1177,0.0084,-0.0153,35.0437,-24.1925,0.0000,0.0781,0.0781,-0.0429,0.0000,0.0000,-0.0092,-0.0037,0.0020
-0.1200,2.1747,2.1178,0.0168,-0.0115,35.0105,-24.3440,0.0000,0.0494,0.0494,-0.0443,0.0000,0.0000,-0.0069,-0.0028,0.0054
-0.2000,2.3578,2.1178,0.0084,-0.0115,35.0023,-24.5755,0.0000,0.0774,0.0774,-0.0204,0.0000,0.0000,-0.0069,-0.0028,0.0130
-0.0000,1.5421,2.1179,0.0000,-0.0115,34.9933,-24.7922,0.0000,0.0921,0.0921,-0.0231,0.0000,0.0000,-0.0069,-0.0028,0.0152
-0.1999,2.3044,2.1179,-0.0084,-0.0153,34.9822,-25.0122,0.0000,0.0867,0.0867,-0.0243,0.0000,0.0000,-0.0092,-0.0037,0.0117
-0.1605,2.1509,2.1179,-0.0168,-0.0153,34.9726,-25.2378,0.0000,0.0975,0.0975,-0.0222,0.0000,0.0000,-0.0092,-0.0037,0.0090
-0.2000,2.1842,2.1179,-0.0252,-0.0153,34.9709,-25.4481,0.0000,0.1117,0.1117,-0.0181,0.0000,0.0000,-0.0092,-0.0037,0.0136
-0.1991,2.2385,2.1180,-0.0245,-0.0063,34.9652,-25.6590,0.0000,0.1151,0.1151,-0.0034,0.0000,0.0000,-0.0038,-0.0015,0.0066
-0.0264,2.0870,2.1180,-0.0327,-0.0063,34.9530,-25.8684,0.0000,0.1175,0.1175,-0.0103,0.0000,0.0000,-0.0038,-0.0015,-0.0012
0.0360,2.0901,2.1180,-0.0411,-0.0063,34.9427,-26.0880,0.0000,0.1210,0.1210,-0.0185,0.0000,0.0000,-0.0038,-0.0015,-0.0092
0.0432,2.0787,2.1180,-0.0418,-0.0154,34.9218,-26.2889,0.0000,0.1049,0.1049,-0.0577,0.0000,0.0000,-0.0093,-0.0037,-0.0168
-0.0454,2.1788,2.1180,-0.0335,-0.0154,34.9043,-26.4955,0.0000,0.0899,0.0899,-0.0670,0.0000,0.0000,-0.0093,-0.0037,-0.0234
0.0996,2.0031,2.1180,-0.0251,-0.0127,34.9013,-26.7653,0.0000,0.1005,0.1005,-0.0745,0.0000,0.0000,-0.0077,-0.0031,-0.0245
0.0851,2.0557,2.1181,-0.0167,-0.0127,34.8805,-26.8744,0.0000,0.0652,0.0652,-0.0959,0.0000,0.0000,-0.0077,-0.0031,-0.0321
-0.2000,2.6707,2.1063,-0.0083,-0.0095,34.8550,-27.1039,0.0000,0.0335,0.0335,-0.0772,0.0000,0.0000,-0.0057,-0.0023,-0.0385
0.1300,1.1092,2.1074,-0.0030,-0.0127,34.8220,-27.3114,0.0000,0.0783,0.0783,-0.0842,0.0000,0.0000,-0.0077,-0.0031,-0.0354
-0.0707,2.2909,2.1085,0.0054,-0.0095,34.7898,-27.5469,0.0000,0.0181,0.0181,-0.0710,0.0000,0.0000,-0.0057,-0.0023,-0.0300
0.0125,2.0843,2.1095,0.0138,0.0050,34.7774,-27.8013,0.0000,0.0300,0.0300,-0.0648,0.0000,0.0000,0.0030,0.0012,-0.0223
-0.1885,2.3565,2.1104,0.0222,0.0050,34.7550,-27.9911,0.0000,0.0047,0.0047,-0.0730,0.0000,0.0000,0.0030,0.0012,-0.0139
-0.2000,2.5224,2.1082,0.0250,-0.0005,34.7238,-28.1490,0.0000,-0.0048,-0.0048,-0.0440,0.0000,0.0000,-0.0003,-0.0001,-0.0060
0.0309,1.8945,2.1092,0.0252,-0.0005,34.7049,-28.3931,0.0000,0.0290,0.0290,-0.0277,0.0000,0.0000,-0.0003,-0.0001,-0.0014
0.2000,1.5942,2.1101,0.0168,-0.0005,34.6992,-28.6433,0.0000,0.0533,0.0533,-0.0264,0.0000,0.0000,-0.0003,-0.0001,0.0072
-0.1191,2.4317,2.0991,0.0180,0.0008,34.6996,-28.8148,0.0000,0.0583,0.0583,-0.0327,0.0000,0.0000,0.0005,0.0002,0.0134
-0.2000,2.4799,2.0892,0.0097,0.0008,34.6779,-28.9936,0.0000,0.0780,0.0780,-0.0100,0.0000,0.0000,0.0005,0.0002,0.0207
0.1281,1.6975,2.0921,0.0043,0.0008,34.6556,-29.2432,0.0000,0.0787,0.0787,-0.0221,0.0000,0.0000,0.0005,0.0002,0.0223
0.2000,1.7891,2.0947,-0.0041,0.0008,34.6818,-29.3804,0.0000,0.1214,0.1214,-0.0173,0.0000,0.0000,0.0005,0.0002,0.0209
-0.1208,2.4829,2.0852,-0.0016,0.0059,34.6257,-29.5961,0.0000,0.0761,0.0761,-0.0112,0.0000,0.0000,0.0036,0.0014,0.0160
0.2000,1.3928,2.0885,-0.0100,0.0008,34.6550,-29.7603,0.0000,0.1354,0.1354,-0.0214,0.0000,0.0000,0.0005,0.0002,0.0148
-0.1215,2.2122,2.0797,-0.0131,0.0059,34.6070,-29.9614,0.0000,0.1089,0.1089,-0.0056,0.0000,0.0000,0.0036,0.0014,0.0076
0.2000,1.6601,2.0835,-0.0164,0.0059,34.5894,-30.1623,0.0000,0.1138,0.1138,-0.0089,0.0000,0.0000,0.0036,0.0014,0.0034
0.0391,2.0467,2.0752,-0.0248,0.0022,34.5790,-30.3603,0.0000,0.1166,0.1166,-0.0174,0.0000,0.0000,0.0013,0.0005,-0.0034
0.0912,1.9990,2.0677,-0.0332,0.0022,34.5675,-30.5727,0.0000,0.1269,0.1269,-0.0181,0.0000,0.0000,0.0013,0.0005,-0.0021
0.0683,1.9645,2.0609,-0.0261,0.0022,34.5469,-30.7595,0.0000,0.1222,0.1222,-0.0248,0.0000,0.0000,0.0013,0.0005,-0.0098
-0.0829,2.1086,2.0548,-0.0177,0.0091,34.5230,-30.9460,0.0000,0.1096,0.1096,-0.0371,0.0000,0.0000,0.0055,0.0022,-0.0125
0.1227,1.8628,2.0493,-0.0093,0.0091,34.5034,-31.1341,0.0000,0.1078,0.1078,-0.0434,0.0000,0.0000,0.0055,0.0022,-0.0156
0.1732,1.8644,2.0444,-0.0009,0.0091,34.4869,-31.3333,0.0000,0.1072,0.1072,-0.0503,0.0000,0.0000,0.0055,0.0022,-0.0235
0.1723,1.8745,2.0399,0.0075,0.0091,34.4590,-31.5231,0.0000,0.0927,0.0927,-0.0585,0.0000,0.0000,0.0055,0.0022,-0.0306
0.0796,1.9811,2.0360,0.0159,0.0096,34.4418,-31.7192,0.0000,0.0925,0.0925,-0.0648,0.0000,0.0000,0.0058,0.0023,-0.0230
0.1352,1.9022,2.0324,0.0243,0.0096,34.4215,-31.9098,0.0000,0.0951,0.0951,-0.0593,0.0000,0.0000,0.0058,0.0023,-0.0150
0.1073,1.9516,2.0291,0.0281,0.0096,34.4014,-32.1045,0.0000,0.0959,0.0959,-0.0529,0.0000,0.0000,0.0058,0.0023,-0.0069
0.1804,1.9011,2.0262,0.0197,0.0096,34.3847,-32.3051,0.0000,0.1031,0.1031,-0.0466,0.0000,0.0000,0.0058,0.0023,0.0008
0.1262,1.9405,2.0236,0.0113,0.0053,34.3718,-32.5086,0.0000,0.1162,0.1162,-0.0228,0.0000,0.0000,0.0032,0.0013,0.0083
0.0420,1.9961,2.0212,0.0029,0.0053,34.3499,-32.7037,0.0000,0.1199,0.1199,-0.0157,0.0000,0.0000,0.0032,0.0013,0.0155
0.0032,2.0223,2.0191,-0.0055,0.0049,34.3310,-32.9031,0.0000,0.1247,0.1247,-0.0389,0.0000,0.0000,0.0030,0.0012,0.0218
0.0639,1.9482,2.0172,-0.0138,0.0049,34.3146,-33.1036,0.0000,0.1300,0.1300,-0.0341,0.0000,0.0000,0.0030,0.0012,0.0246
0.0367,1.9860,2.0155,-0.0058,0.0049,34.2928,-33.2991,0.0000,0.1194,0.1194,-0.0403,0.0000,0.0000,0.0030,0.0012,0.0156
0.0441,1.9954,2.0139,-0.0088,0.0102,34.2729,-33.4987,0.0000,0.1153,0.1153,-0.0188,0.0000,0.0000,0.0062,0.0025,0.0082
0.1109,1.9506,2.0125,-0.0172,0.0102,34.2566,-33.6868,0.0000,0.1151,0.1151,-0.0259,0.0000,0.0000,0.0062,0.0025,0.0006
0.0438,1.9882,2.0113,-0.0118,0.0074,34.2440,-33.8688,0.0000,0.1181,0.1181,-0.0407,0.0000,0.0000,0.0045,0.0018,-0.0072
0.1607,1.8715,2.0102,-0.0073,0.0074,34.2200,-34.0716,0.0000,0.1135,0.1135,-0.0444,0.0000,0.0000,0.0045,0.0018,-0.0106
0.2000,1.8091,2.0091,0.0011,0.0074,34.1959,-34.2744,0.0000,0.1083,0.1083,-0.0457,0.0000,0.0000,0.0045,0.0018,-0.0063
0.0308,2.0243,2.0082,0.0057,0.0037,34.1777,-34.4657,0.0000,0.1005,0.1005,-0.0575,0.0000,0.0000,0.0022,0.0009,-0.0153
-0.0094,2.0249,2.0074,0.0141,0.0037,34.1457,-34.6620,0.0000,0.0862,0.0862,-0.0575,0.0000,0.0000,0.0022,0.0009,-0.0139
0.1738,1.9052,2.0067,0.0057,0.0037,34.1313,-34.8669,0.0000,0.0958,0.0958,-0.0534,0.0000,0.0000,0.0022,0.0009,-0.0076
0.1467,1.9719,2.0060,0.0044,0.0107,34.1166,-35.0608,0.0000,0.0998,0.0998,-0.0424,0.0000,0.0000,0.0065,0.0026,-0.0037
0.0072,2.0360,2.0054,-0.0040,0.0107,34.0934,-35.2667,0.0000,0.1020,0.1020,-0.0343,0.0000,0.0000,0.0065,0.0026,0.0040
0.0699,1.9285,2.0049,0.0022,0.0085,34.0685,-35.4721,0.0000,0.1018,0.1018,-0.0494,0.0000,0.0000,0.0051,0.0020,0.0119
-0.0432,2.0543,2.0044,0.0047,0.0085,34.0554,-35.6810,0.0000,0.1044,0.1044,-0.0471,0.0000,0.0000,0.0051,0.0020,0.0117
-0.0617,2.0514,2.0039,0.0069,0.0023,34.0342,-35.8782,0.0000,0.0957,0.0957,-0.0601,0.0000,0.0000,0.0014,0.0005,0.0042
-0.0926,2.0768,2.0035,0.0153,0.0023,34.0247,-36.0929,0.0000,0.0999,0.0999,-0.0632,0.0000,0.0000,0.0014,0.0005,-0.0021
0.0166,1.9650,2.0032,0.0209,0.0023,34.0131,-36.2902,0.0000,0.1066,0.1066,-0.0614,0.0000,0.0000,0.0014,0.0005,0.0024
-0.1472,2.1322,2.0029,0.0293,0.0091,33.9636,-36.5100,0.0000,0.0635,0.0635,-0.0454,0.0000,0.0000,0.0055,0.0022,0.0049
0.0089,1.9592,2.0026,0.0209,0.0091,34.0099,-36.6836,0.0000,0.1354,0.1354,-0.0397,0.0000,0.0000,0.0055,0.0022,0.0068
-0.1909,2.2381,2.0023,0.0125,-0.0010,33.9608,-36.8632,0.0000,0.1127,0.1127,-0.0508,0.0000,0.0000,-0.0006,-0.0002,0.0145
0.0093,1.7903,2.0021,0.0041,-0.0010,33.9462,-37.0879,0.0000,0.1289,0.1289,-0.0469,0.0000,0.0000,-0.0006,-0.0002,0.0192
0.2003,1.8389,2.0019,-0.0043,-0.0010,33.9312,-37.2954,0.0000,0.1312,0.1312,-0.0400,0.0000,0.0000,-0.0006,-0.0002,0.0256
0.0005,2.2333,2.0017,-0.0078,0.0037,33.9047,-37.5061,0.0000,0.1008,0.1008,-0.0367,0.0000,0.0000,0.0023,0.0009,0.0185
-0.0848,2.0636,2.0015,-0.0159,0.0037,33.9405,-37.6806,0.0000,0.1560,0.1560,-0.0379,0.0000,0.0000,0.0023,0.0009,0.0113
-0.1198,2.1054,2.0014,-0.0111,0.0021,33.8999,-37.8995,0.0000,0.1367,0.1367,-0.0386,0.0000,0.0000,0.0013,0.0005,0.0035
0.0804,1.7736,2.0012,-0.0195,0.0021,33.8767,-38.1212,0.0000,0.1337,0.1337,-0.0456,0.0000,0.0000,0.0013,0.0005,-0.0043
-0.1186,2.2052,2.0011,-0.0111,0.0021,33.8523,-38.3093,0.0000,0.1108,0.1108,-0.0506,0.0000,0.0000,0.0013,0.0005,-0.0074
-0.2000,2.2100,2.0010,-0.0041,0.0006,33.8340,-38.4969,0.0000,0.1024,0.1024,-0.0543,0.0000,0.0000,0.0004,0.0002,-0.0138
0.0004,1.8811,2.0009,0.0043,0.0006,33.8187,-38.7327,0.0000,0.1009,0.1009,-0.0678,0.0000,0.0000,0.0004,0.0002,-0.0107
0.1227,1.8687,2.0008,0.0127,0.0006,33.7978,-38.9044,0.0000,0.1011,0.1011,-0.0627,0.0000,0.0000,0.0004,0.0002,-0.0171
-0.0772,2.3379,2.0007,0.0201,-0.0003,33.7818,-39.1009,0.0000,0.0893,0.0893,-0.0662,0.0000,0.0000,-0.0002,-0.0001,-0.0093
0.1229,1.7167,2.0007,0.0209,-0.0003,33.7563,-39.3079,0.0000,0.1019,0.1019,-0.0599,0.0000,0.0000,-0.0002,-0.0001,-0.0027
0.0776,1.9551,2.0006,0.0181,-0.0116,33.7327,-39.5271,0.0000,0.0924,0.0924,-0.0675,0.0000,0.0000,-0.0070,-0.0028,0.0049
-0.0505,2.0672,2.0005,0.0265,-0.0116,33.7086,-39.7119,0.0000,0.0808,0.0808,-0.0599,0.0000,0.0000,-0.0070,-0.0028,0.0126
0.1497,1.8476,2.0005,0.0181,-0.0116,33.6985,-39.9414,0.0000,0.0963,0.0963,-0.0532,0.0000,0.0000,-0.0070,-0.0028,0.0187
0.1998,1.8476,2.0004,0.0097,-0.0154,33.6809,-40.1621,0.0000,0.0955,0.0955,-0.0421,0.0000,0.0000,-0.0093,-0.0037,0.0187
0.1998,1.8476,2.0004,0.0013,-0.0154,33.6709,-40.3358,0.0000,0.0999,0.0999,-0.0396,0.0000,0.0000,-0.0093,-0.0037,0.0173
-0.0001,2.1962,2.0003,0.0095,0.0012,33.6617,-40.5328,0.0000,0.1031,0.1031,-0.0245,0.0000,0.0000,0.0007,0.0003,0.0240
0.2000,1.7262,2.0003,0.0114,0.0012,33.6635,-40.7495,0.0000,0.1137,0.1137,-0.0451,0.0000,0.0000,0.0007,0.0003,0.0174
0.1828,1.9558,2.0003,0.0030,0.0012,33.6334,-40.9811,0.0000,0.1102,0.1102,-0.0312,0.0000,0.0000,0.0007,0.0003,0.0100
-0.0170,2.1410,2.0003,-0.0054,-0.0083,33.6192,-41.1861,0.0000,0.1054,0.1054,-0.0391,0.0000,0.0000,-0.0050,-0.0020,0.0025
-0.0820,2.0382,2.0002,-0.0137,-0.0083,33.6075,-41.3794,0.0000,0.1135,0.1135,-0.0331,0.0000,0.0000,-0.0050,-0.0020,0.0084
-0.1102,2.0382,2.0002,-0.0184,-0.0042,33.5952,-41.5810,0.0000,0.1144,0.1144,-0.0306,0.0000,0.0000,-0.0025,-0.0010,0.0107
-0.0316,2.0025,2.0002,-0.0181,-0.0042,33.5820,-41.8208,0.0000,0.1168,0.1168,-0.0350,0.0000,0.0000,-0.0025,-0.0010,0.0040
-0.0135,2.0025,2.0002,-0.0112,-0.0042,33.5815,-41.9925,0.0000,0.1261,0.1261,-0.0400,0.0000,0.0000,-0.0025,-0.0010,-0.0035
-0.0073,2.0025,2.0002,-0.0028,-0.0010,33.5724,-42.1751,0.0000,0.1243,0.1243,-0.0471,0.0000,0.0000,-0.0006,-0.0002,-0.0115
-0.2000,2.3810,2.0001,0.0025,-0.0038,33.5546,-42.3845,0.0000,0.1093,0.1093,-0.0450,0.0000,0.0000,-0.0023,-0.0009,-0.0163
-0.2000,2.0836,2.0001,-0.0059,-0.0038,33.5335,-42.5893,0.0000,0.1117,0.1117,-0.0438,0.0000,0.0000,-0.0023,-0.0009,-0.0163
-0.1608,2.0836,2.0001,-0.0115,-0.0038,33.5021,-42.8078,0.0000,0.1001,0.1001,-0.0404,0.0000,0.0000,-0.0023,-0.0009,-0.0098
-0.0846,2.0410,2.0001,-0.0084,-0.0038,33.4800,-43.0173,0.0000,0.0987,0.0987,-0.0357,0.0000,0.0000,-0.0023,-0.0009,-0.0023
-0.2000,2.1893,2.0001,0.0000,-0.0016,33.4661,-43.1982,0.0000,0.0959,0.0959,-0.0431,0.0000,0.0000,-0.0009,-0.0004,0.0025
-0.1628,2.0888,2.0001,-0.0012,-0.0016,33.4596,-43.4231,0.0000,0.1052,0.1052,-0.0485,0.0000,0.0000,-0.0009,-0.0004,-0.0040
0.0369,1.7980,2.0001,0.0063,-0.0016,33.4407,-43.6314,0.0000,0.1049,0.1049,-0.0546,0.0000,0.0000,-0.0009,-0.0004,-0.0100
-0.1627,2.2298,2.0001,0.0103,0.0110,33.4285,-43.8159,0.0000,0.0972,0.0972,-0.0418,0.0000,0.0000,0.0066,0.0026,-0.0072
-0.1999,2.0732,2.0001,0.0021,0.0110,33.4176,-44.0035,0.0000,0.1062,0.1062,-0.0393,0.0000,0.0000,0.0066,0.0026,-0.0003
0.0002,1.8338,2.0001,-0.0063,0.0110,33.4051,-44.2020,0.0000,0.1178,0.1178,-0.0373,0.0000,0.0000,0.0066,0.0026,-0.0003
0.2000,1.8624,2.0000,-0.0130,0.0126,33.3878,-44.3715,0.0000,0.1176,0.1176,-0.0156,0.0000,0.0000,0.0076,0.0030,0.0060
0.1361,1.9722,2.0000,-0.0214,0.0126,33.3723,-44.5196,0.0000,0.1192,0.1192,-0.0119,0.0000,0.0000,0.0076,0.0030,0.0100
0.2000,1.6899,2.0000,-0.0238,0.0126,33.3697,-44.6529,0.0000,0.1309,0.1309,-0.0160,0.0000,0.0000,0.0076,0.0030,0.0044
0.2000,1.4759,2.0000,-0.0183,0.0126,33.3526,-44.7625,0.0000,0.1258,0.1258,-0.0198,0.0000,0.0000,0.0076,0.0030,-0.0029
0.2000,1.3224,2.0000,-0.0159,0.0126,33.3440,-44.8493,0.0000,0.1261,0.1261,-0.0237,0.0000,0.0000,0.0076,0.0030,-0.0097
0.2000,1.0992,2.0000,-0.0092,0.0126,33.3398,-44.9096,0.0000,0.1297,0.1297,-0.0264,0.0000,0.0000,0.0076,0.0030,-0.0173
0.1999,0.8645,2.0000,-0.0044,0.0126,33.3427,-44.9726,0.0000,0.1422,0.1422,-0.0261,0.0000,0.0000,0.0076,0.0030,-0.0213
0.2000,0.5994,2.0000,0.0023,0.0110,33.3474,-44.9825,0.0000,0.1516,0.1516,-0.0406,0.0000,0.0000,0.0066,0.0026,-0.0173
0.2000,0.6255,2.0000,0.0081,0.0110,33.3417,-44.9785,0.0000,0.1451,0.1451,-0.0404,0.0000,0.0000,0.0066,0.0026,-0.0144
0.2000,0.1091,2.0000,0.0088,0.0110,33.3400,-44.9681,0.0000,0.1527,0.1527,-0.0370,0.0000,0.0000,0.0066,0.0026,-0.0088
0.2000,0.0695,2.0000,0.0103,0.0110,33.3332,-44.9581,0.0000,0.1458,0.1458,-0.0381,0.0000,0.0000,0.0066,0.0026,-0.0037
0.2000,0.1028,2.0000,0.0106,0.0110,33.3370,-44.9354,0.0000,0.1469,0.1469,-0.0369,0.0000,0.0000,0.0066,0.0026,0.0020
0.2000,0.1245,2.0000,0.0112,0.0110,33.3366,-44.9263,0.0000,0.1453,0.1453,-0.0374,0.0000,0.0000,0.0066,0.0026,0.0076
0.2000,0.2282,2.0000,0.0113,0.0110,33.3352,-44.9331,0.0000,0.1427,0.1427,-0.0365,0.0000,0.0000,0.0066,0.0026,0.0088
0.2000,0.0912,2.0000,0.0111,0.0110,33.3384,-44.9294,0.0000,0.1480,0.1480,-0.0371,0.0000,0.0000,0.0066,0.0026,0.0098
0.2000,0.0694,2.0000,0.0113,0.0110,33.3364,-44.9276,0.0000,0.1462,0.1462,-0.0372,0.0000,0.0000,0.0066,0.0026,0.0104
0.2000,0.0001,2.0000,0.0112,0.0110,33.3375,-44.9253,0.0000,0.1484,0.1484,-0.0373,0.0000,0.0000,0.0066,0.0026,0.0107
0.2000,0.0001,2.0000,0.0114,0.0110,33.3362,-44.9242,0.0000,0.1470,0.1470,-0.0375,0.0000,0.0000,0.0066,0.0026,0.0109
0.2000,0.0001,2.0000,0.0112,0.0110,33.3372,-44.9305,0.0000,0.1486,0.1486,-0.0372,0.0000,0.0000,0.0066,0.0026,0.0110
0.2000,0.0001,2.0000,0.0113,0.0110,33.3364,-44.9249,0.0000,0.1473,0.1473,-0.0372,0.0000,0.0000,0.0066,0.0026,0.0110
0.2000,0.0630,2.0000,0.0112,0.0110,33.3371,-44.9263,0.0000,0.1469,0.1469,-0.0370,0.0000,0.0000,0.0066,0.0026,0.0110
0.2000,0.0559,2.0000,0.0114,0.0110,33.3367,-44.9189,0.0000,0.1460,0.1460,-0.0372,0.0000,0.0000,0.0066,0.0026,0.0110
0.2000,0.0001,2.0000,0.0117,0.0110,33.3338,-44.9279,0.0000,0.1450,0.1450,-0.0375,0.0000,0.0000,0.0066,0.0026,0.0110
0.2000,0.0730,2.0000,0.0115,0.0110,33.3371,-44.9201,0.0000,0.1462,0.1462,-0.0370,0.0000,0.0000,0.0066,0.0026,0.0110
0.2000,0.0935,2.0000,0.0117,0.0110,33.3346,-44.9224,0.0000,0.1436,0.1436,-0.0369,0.0000,0.0000,0.0066,0.0026,0.0110
0.2000,0.0836,2.0000,0.0118,0.0110,33.3347,-44.9210,0.0000,0.1437,0.1437,-0.0371,0.0000,0.0000,0.0066,0.0026,0.0110
0.2000,0.0001,2.0000,0.0114,0.0110,33.3374,-44.9244,0.0000,0.1482,0.1482,-0.0369,0.0000,0.0000,0.0066,0.0026,0.0113
0.2000,0.0001,2.0000,0.0115,0.0110,33.3367,-44.9199,0.0000,0.1472,0.1472,-0.0376,0.0000,0.0000,0.0066,0.0026,0.0109
0.2000,0.0001,2.0000,0.0110,0.0110,33.3397,-44.9273,0.0000,0.1508,0.1508,-0.0369,0.0000,0.0000,0.0066,0.0026,0.0109
0.2000,0.0001,2.0000,0.0113,0.0110,33.3363,-44.9185,0.0000,0.1466,0.1466,-0.0375,0.0000,0.0000,0.0066,0.0026,0.0113
0.2000,0.0804,2.0000,0.0115,0.0110,33.3346,-44.9242,0.0000,0.1439,0.1439,-0.0370,0.0000,0.0000,0.0066,0.0026,0.0113
0.2000,0.0951,2.0000,0.0114,0.0110,33.3365,-44.9277,0.0000,0.1459,0.1459,-0.0368,0.0000,0.0000,0.0066,0.0026,0.0113
0.2000,0.0591,2.0000,0.0117,0.0110,33.3351,-44.9165,0.0000,0.1442,0.1442,-0.0375,0.0000,0.0000,0.0066,0.0026,0.0109
0.2000,0.0001,2.0000,0.0112,0.0110,33.3403,-44.9198,0.0000,0.1507,0.1507,-0.0370,0.0000,0.0000,0.0066,0.0026,0.0109
0.2000,0.1120,2.0000,0.0109,0.0110,33.3395,-44.9242,0.0000,0.1483,0.1483,-0.0368,0.0000,0.0000,0.0066,0.0026,0.0111
0.2000,0.0635,2.0000,0.0111,0.0110,33.3366,-44.9299,0.0000,0.1468,0.1468,-0.0372,0.0000,0.0000,0.0066,0.0026,0.0111
0.2000,0.0001,2.0000,0.0178,0.0110,33.3121,-44.9483,0.0000,0.1251,0.1251,-0.0453,0.0000,0.0000,0.0066,0.0026,0.0110
0.2000,0.0636,2.0000,0.0165,0.0110,33.3678,-44.9056,0.0000,0.1754,0.1754,-0.0479,0.0000,0.0000,0.0066,0.0026,0.0108
0.2000,0.3327,2.0000,0.0133,0.0110,33.3403,-44.9116,0.0000,0.1441,0.1441,-0.0349,0.0000,0.0000,0.0066,0.0026,0.0108
0.2000,0.6864,2.0000,0.0118,0.0110,33.3400,-44.9267,0.0000,0.1387,0.1387,-0.0349,0.0000,0.0000,0.0066,0.0026,0.0108
0.2000,0.2237,2.0000,0.0116,0.0110,33.3372,-44.9139,0.0000,0.1430,0.1430,-0.0365,0.0000,0.0000,0.0066,0.0026,0.0144
0.2000,0.1496,2.0000,0.0108,0.0110,33.3413,-44.9159,0.0000,0.1487,0.1487,-0.0360,0.0000,0.0000,0.0066,0.0026,0.0161
0.2000,0.1306,2.0000,0.0113,0.0110,33.3353,-44.9158,0.0000,0.1430,0.1430,-0.0371,0.0000,0.0000,0.0066,0.0026,0.0138
0.2000,0.0001,2.0000,0.0110,0.0110,33.3395,-44.9210,0.0000,0.1501,0.1501,-0.0371,0.0000,0.0000,0.0066,0.0026,0.0119
0.2000,0.0648,2.0000,0.0110,0.0110,33.3392,-44.9190,0.0000,0.1484,0.1484,-0.0371,0.0000,0.0000,0.0066,0.0026,0.0115
0.2000,0.0684,2.0000,0.0109,0.0110,33.3387,-44.9222,0.0000,0.1481,0.1481,-0.0370,0.0000,0.0000,0.0066,0.0026,0.0109
0.2000,0.0001,2.0000,0.0108,0.0110,33.3394,-44.9232,0.0000,0.1501,0.1501,-0.0371,0.0000,0.0000,0.0066,0.0026,0.0109
0.2000,0.0001,2.0000,0.0114,0.0110,33.3355,-44.9132,0.0000,0.1454,0.1454,-0.0378,0.0000,0.0000,0.0066,0.0026,0.0110
0.2000,0.0001,2.0000,0.0111,0.0110,33.3396,-44.9181,0.0000,0.1498,0.1498,-0.0370,0.0000,0.0000,0.0066,0.0026,0.0109
0.2000,0.1079,2.0000,0.0112,0.0110,33.3377,-44.9172,0.0000,0.1459,0.1459,-0.0371,0.0000,0.0000,0.0066,0.0026,0.0108
0.2000,0.0651,2.0000,0.0110,0.0110,33.3388,-44.9216,0.0000,0.1482,0.1482,-0.0367,0.0000,0.0000,0.0066,0.0026,0.0107
0.2000,0.0001,2.0000,0.0107,0.0110,33.3404,-44.9156,0.0000,0.1505,0.1505,-0.0368,0.0000,0.0000,0.0066,0.0026,0.0109
0.2000,0.0001,2.0000,0.0107,0.0110,33.3398,-44.9114,0.0000,0.1495,0.1495,-0.0370,0.0000,0.0000,0.0066,0.0026,0.0110
0.2000,0.0614,2.0000,0.0109,0.0110,33.3383,-44.9159,0.0000,0.1473,0.1473,-0.0371,0.0000,0.0000,0.0066,0.0026,0.0110
0.2000,0.0001,2.0000,0.0109,0.0110,33.3392,-44.9131,0.0000,0.1491,0.1491,-0.0371,0.0000,0.0000,0.0066,0.0026,0.0109
0.2000,0.0001,2.0000,0.0109,0.0110,33.3390,-44.9177,0.0000,0.1492,0.1492,-0.0372,0.0000,0.0000,0.0066,0.0026,0.0104
0.2000,0.0001,2.0000,0.0109,0.0110,33.3388,-44.9113,0.0000,0.1485,0.1485,-0.0370,0.0000,0.0000,0.0066,0.0026,0.0101
0.2000,0.0001,2.0000,0.0108,0.0110,33.3400,-44.9168,0.0000,0.1502,0.1502,-0.0373,0.0000,0.0000,0.0066,0.0026,0.0101
0.2000,0.0642,2.0000,0.0107,0.0110,33.3398,-44.9191,0.0000,0.1490,0.1490,-0.0370,0.0000,0.0000,0.0066,0.0026,0.0102
0.2000,0.0557,2.0000,0.0114,0.0110,33.3358,-44.9113,0.0000,0.1444,0.1444,-0.0376,0.0000,0.0000,0.0066,0.0026,0.0102
0.2000,0.0001,2.0000,0.0111,0.0110,33.3394,-44.9157,0.0000,0.1494,0.1494,-0.0371,0.0000,0.0000,0.0066,0.0026,0.0102
0.2000,0.0892,2.0000,0.0111,0.0110,33.3381,-44.9140,0.0000,0.1464,0.1464,-0.0369,0.0000,0.0000,0.0066,0.0026,0.0102
0.2000,0.0584,2.0000,0.0110,0.0110,33.3385,-44.9244,0.0000,0.1483,0.1483,-0.0370,0.0000,0.0000,0.0066,0.0026,0.0102
0.2000,0.0001,2.0000,0.0116,0.0110,33.3346,-44.9160,0.0000,0.1447,0.1447,-0.0378,0.0000,0.0000,0.0066,0.0026,0.0103
0.2000,0.1027,2.0000,0.0110,0.0110,33.3410,-44.9179,0.0000,0.1494,0.1494,-0.0367,0.0000,0.0000,0.0066,0.0026,0.0110
