x,y
49.219,138.872
49.608147246141506,139.18594971065522
49.97876044759653,139.52149494422602
50.30380858845141,139.90096284273986
50.62425193356397,140.2847805179593
50.948564138289164,140.66532948317752
51.30556145250752,141.01484095118474
51.693263625375586,141.32997910953438
52.08914457205792,141.63538643374238
52.491215952851796,141.9324505490804
52.902519638743044,142.21667183204775
53.32680253715843,142.48016370761778
53.77256902202018,142.70603881649194
54.2361417008292,142.89286728996194
54.71387904642002,143.04040382315912
55.20472886327985,143.13500401333508
55.69708652049792,143.22204991646305
56.19178105654077,143.2939615373503
56.688253260346194,143.3529236123802
57.18594554272182,143.4001930104511
57.6849028312694,143.43229879597118
58.184513742973905,143.45202027932794
58.6842907586813,143.46680514385858
59.18418027611511,143.4768934418143
59.684138395388366,143.4828297367191
60.18412966918544,143.48557650971483
60.68409226538329,143.49169226012702
61.18407173934009,143.48986170267992
61.68349234176454,143.51024377048336
62.18308542338448,143.5040425035558
62.68297651911681,143.496277509616
63.182971685147145,143.4941338739627
63.68294429611995,143.49586470429986
64.18284748688689,143.5054466193322
64.68256276113989,143.52231803534394
65.18164505582611,143.55207387456943
65.68077359258446,143.58149381031618
66.17995771732177,143.61001268502727
66.67896649856465,143.64110614776703
67.17421526385516,143.7098714040977
67.67118191647612,143.76323476088407
68.16950285335604,143.8040751262504
68.66834679527527,143.83805632120402
69.1679331144347,143.85429582991304
69.66752509510138,143.8698954841327
70.16641215911093,143.90253473354315
70.6659624713421,143.92373580780233
71.1625131914747,143.97897756510795
71.65896410554274,144.0369321244096
72.15756762599825,144.0742755226129
72.65562173970557,144.11825364896737
73.15347432174747,144.16454133821497
73.65241740031558,144.19627378567975
74.15012965102521,144.24275422581147
74.64824368294897,144.2851558113159
75.14693282092404,144.32129587915236
75.64554793835781,144.35844244245445
76.14437584807068,144.39265338778847
76.64301641929328,144.42949875019409
77.14219021226633,144.45796675591404
77.64121327649282,144.48902099561153
78.14015061042589,144.52157283908173
78.63915618250837,144.5530644353739
79.13797728210392,144.58737930967493
79.63693569429483,144.61963492065811
80.13602810526825,144.64972509896188
80.63465183770974,144.68630365195867
81.1331510998193,144.7248270382076
81.63190023546821,144.76010121095663
82.13036767547024,144.7992186850873
82.62878582755911,144.83895966731367
83.1253156206127,144.89733115330617
83.6223715819446,144.95130203563318
84.1193133956872,145.00636390467972
84.61580394912897,145.06550029620522
85.11245100302844,145.1231886270131
85.61000322522096,145.17260306003908
86.10658079658154,145.23099873392584
86.60264607216729,145.29356366772572
87.09879574695249,145.35547927121524
87.59475281330486,145.4188753764281
88.08992660186223,145.4880497363242
88.58420496438774,145.56347346405306
89.07832106514202,145.63995404312632
89.5747336725052,145.69964162445606
90.06896662618733,145.77474542635093
90.56261920754284,145.8541548483786
91.05683724488549,145.9299020321962
91.55150723537096,146.0026934208263
92.04570861248655,146.07861908890555
92.54032818226337,146.15177290762887
93.03326533962301,146.2353818429221
93.5271270720157,146.31329830400236
94.02146067632383,146.38835568557414
94.51542196504413,146.46579380170488
95.00896505156526,146.5458600336549
95.50341442058553,146.62015553469936
95.99676219747168,146.70142821357467
96.48973356379997,146.78496314278655
96.98171121244988,146.87406837743433
97.47268953171573,146.96859361404708
97.96317550345724,147.06566784901327
98.45377522664563,147.16216555687686
98.94274908572588,147.26659048271435
99.43132777236676,147.37284472337424
99.92129429520432,147.47230561569413
100.41133959858739,147.5712942769152
100.89911288023305,147.68118569535284
101.38762696765393,147.78774078153523
101.87399333644412,147.90364393910724
102.36011376923551,148.02063478042547
102.84578701867831,148.1394467546696
103.33028280819487,148.26291923897156
103.81276386103534,148.39411277422585
104.29612855803512,148.52201339851788
104.77906287057215,148.65152725484353
105.26251876166758,148.77906877433585
105.7459996894949,148.90651830559148
106.22835931242517,149.0380921347739
106.70862581613042,149.17717505346306
107.19014278124281,149.31186511363435
107.67353070343788,149.4396317615278
108.15415950338179,149.57708026945338
108.63456980790177,149.71527531652652
109.11773263027251,149.84372952097064
109.59646174362764,149.98801547325363
110.08063047230381,150.11277903325677
110.56169531541589,150.24892092488665
111.04362480638565,150.38205186037356
111.5261043723508,150.51324810199478
112.00839472914363,150.64514182913794
112.4926248010391,150.7690745810121
112.98034895879124,150.87859303615366
113.46263682704128,151.0104636348608
113.95090445611143,151.1181424275835
114.43997257147345,151.2221203259432
114.92397079109793,151.34717494384353
115.41179730590189,151.45572194943932
115.89923619282867,151.56643027133003
116.38171753272994,151.69713865007367
116.86132171851382,151.83845025965374
117.34227665580595,151.97513358195312
117.82400365848208,152.10897152796304
118.30830731906623,152.23326921339216
118.79270846963978,152.3571863347839
119.27681253538371,152.4822524030025
119.76010024877367,152.61044361208607
120.24053536940707,152.7487581158342
120.71993104949564,152.89079840207754
121.20044950054871,153.02900610432673
121.68037999295052,153.1692423947653
122.15983363825636,153.31109207421818
122.64146063115736,153.44538711600904
123.12395283241041,153.57654075007983
123.60388999562615,153.71674997797362
124.083902718694,153.85670633198075
124.56507439384431,153.99257006243047
125.04678651298325,154.1265236056295
125.52672364818618,154.26673896232484
126.00829556292759,154.40122415850348
126.48922666755595,154.5379825362023
126.97172692980416,154.6690288012234
127.45316056441784,154.80392823984877
127.93454494915447,154.93903087021843
128.41661651384163,155.0716388094524
128.89692258001458,155.2105206219484
129.37898392161466,155.34320364380426
129.8588737188233,155.48357415972353
130.33751719944283,155.62811012192535
130.82084955838414,155.7561328964626
131.30513001402204,155.88051843301955
131.7907742769699,155.99945930114635
132.2773040550081,156.11473171157016
132.7646870295465,156.2263406216398
133.2519297814999,156.3385629476729
133.73920653744602,156.4506361844599
134.22682000641987,156.56123689332333
134.7148358256609,156.67005123139737
135.20225327805946,156.78151299418423
135.69049911000909,156.88924828036855
136.17770709194676,157.00150088431116
136.66638365044676,157.10695480700704
137.15477425220084,157.21384701088436
137.6422746330832,157.32493831382152
138.1304664244262,157.43294578843046
138.61775743724027,157.54476961982056
139.10398345707455,157.6612259505199
139.5919842580176,157.77010761289282
140.08007778810958,157.8785728418021
140.56631644361005,157.99498846399356
141.05185474877257,158.11437108578383
141.53681118561866,158.23607403567732
142.02067798020983,158.36202908976085
142.50302514363474,158.4937151328176
142.9870408546637,158.61910231418193
143.47152380977747,158.7426959353443
143.9562783399612,158.86522366880234
144.44065599215494,158.98923217626253
144.92410709609916,159.11674588045418
145.40659110508642,159.24792808328556
145.88948401894376,159.37759474903905
146.37063658623413,159.51325356865527
146.8518046940778,159.6481327993727
147.33757180653444,159.76629289206556
147.81984810241119,159.89823289748927
148.30175228766862,160.03146198826133
148.78755805192677,160.1497529829041
149.27002326803046,160.28098052337361
149.7521492206217,160.41347369447845
150.23507301171972,160.54301566978316
150.71795826265316,160.67271135560705
151.2012137953112,160.801006422762
151.68487199735787,160.9277905106059
152.16797879796405,161.0566343389971
152.64938879959954,161.1917062099596
153.13291649801147,161.3189867442504
153.6156210913947,161.44934649870657
154.09790315043784,161.58126917512024
154.57964286748168,161.7151492376109
155.06084024955518,161.8509765922656
155.54212817568865,161.98647640401433
156.02435132769972,162.1186158442451
156.50661634412907,162.25060240742945
156.98888313882392,162.38258247688984
157.47114993351875,162.51456254635022
157.9530552989787,162.6478433022457
158.43451605399875,162.78271024298334
158.9178367429119,162.9107770679948
159.40047666122925,163.04138537758914
159.88575468315395,163.16172411211852
160.37432989586787,163.26776946068958
160.85934732033127,163.38846927601932
161.34033853389772,163.52486778418154
161.8207512412856,163.66307254252084
162.3065556576894,163.7813690724893
162.79598004881836,163.88355669924974
163.27978665090455,164.00879788124027
163.76255801498405,164.13879739469135
164.24644568086023,164.26463848547306
164.72832028821773,164.39804336838242
165.2137226372222,164.5179606497504
165.700242548736,164.63324215711603
166.18617218333333,164.75091834361936
166.67091054131873,164.87350408481825
167.15626131091565,164.99364829171847
167.64271004381834,165.10925973260402
168.1299849407934,165.22132171072164
168.6167356293137,165.33557380854367
169.10276679445607,165.45285373508702
169.59084194295053,165.5614016481122
170.07451742677404,165.68798987399572
170.55956330349719,165.80924009412493
171.04570778394125,165.92612900809195
171.5319836200174,166.0424676803816
172.01758904206645,166.16157844428045
172.50226698945153,166.28439498755105
172.98780050212147,166.40372780669338
173.47449779747205,166.518280745254
173.96186395673618,166.62996882341872
174.44637935467406,166.75343860973953
174.93323497344767,166.8671598020291
175.42083508188784,166.97781944728865
175.90808892986772,167.0899892497693
176.39500615088596,167.20357195188305
176.88544924842736,167.30086310294007
177.37386077713475,167.40776217453683
177.86173672190245,167.51720187413866
178.34885599426423,167.6298455431347
178.83439017719172,167.749202895857
179.32286694960584,167.85592891335924
179.8115555209176,167.9616799925182
180.30200452379287,168.0586306999815
180.79374451718746,168.14913805616723
181.28550379076333,168.2394998249978
181.77887009831565,168.32067670946728
182.27272168690655,168.39883316050694
182.76682614702895,168.47538437837866
183.26111192245716,168.55075632739343
183.75561915236582,168.6246657284738
184.25052559372725,168.69584790439706
184.74709027304553,168.7533867436597
185.24470015390241,168.8022126084704
185.74241422864748,168.8499692813095
186.2406661752229,168.89171288029752
186.7396695757645,168.92196936503527
187.2392133009686,168.94313329314116
187.7389292104943,168.95998588246536
188.23861970945873,168.97757481327503
188.7384688030944,168.98160447151795
189.23842894215883,168.9753379488555
189.73836911364396,168.9676032907875
190.23832904172716,168.96131664352464
190.7380089593625,168.946523547981
191.23730235194208,168.91998933797743
191.73627404481783,168.88793860150074
192.23519990912274,168.85518559680165
192.73350329380781,168.8153627015236
193.2303946674888,168.7596943733519
193.72766537232556,168.70754528768828
194.22524897034583,168.6585333784594
194.7228754747161,168.6106039066824
195.2166502089051,168.53194952424522
195.70960076074755,168.44835076040556
196.20170339841422,168.35991917714807
196.6928228449717,168.26610185884766
197.18535752705841,168.18005256496818
197.67638489397822,168.08601276394987
198.1657412891069,167.98352245827093
198.6533151185836,167.8727444784671
199.14244293948198,167.76905958780617
199.62866530708598,167.65306601785582
200.11248968274566,167.52691668645372
200.5960177393502,167.3996350362593
201.07904284055346,167.27046193812146
201.55980734451586,167.13340747049585
202.03762059669538,166.986116954706
202.51744995216043,166.84553334734912
202.99611568551546,166.70107437310295
203.4730961790867,166.5512312741989
203.94630251813692,166.3897513662144
204.4182594952716,166.2246685778197
204.8897090110932,166.05813003779406
205.3609442991043,165.89098547960236
205.82822827326902,165.71310444206534
206.29321874574737,165.52936286531906
206.75571023925224,165.33942717642395
207.2146458618922,165.14098803141454
207.67149257867626,164.93779777070586
208.12568846455756,164.72880719793875
208.57730547161222,164.5142458241907
209.02599006779732,164.29360554421848
209.47117110014617,164.06602163431504
209.91395980663552,163.83379888920157
210.3543958432605,163.59715662076502
210.78722794815062,163.34684407817795
211.2204122991723,163.09714200413705
211.6543605263752,162.84877586386858
212.08956004855028,162.60260239677964
212.51787331900852,162.34464541094314
212.9456189538311,162.0857373428466
213.372810237454,161.8259168923307
213.79923026256333,161.56483249613916
214.2035647421314,161.27070050428446
214.62792353248017,161.00730862363847
215.05192544346636,160.74309783285304
215.46326759308081,160.45898635653904
215.8898273802275,160.19812864055316
216.30798556821108,159.924070050935
216.72419199236913,159.64699489108756
217.14033249184934,159.36982459177915
217.55837872273557,159.09553031761033
217.96625624056617,158.80636067235625
218.3757242160823,158.51943729415433
218.78625588253863,158.23402926664505
219.19370342810444,157.94422502648908
219.59708785190048,157.64881453607347
220.00040702010745,157.3532992708675
220.40499198605752,157.05951292572888
220.80803651296182,156.76361579946288
221.21217532880289,156.4692179029926
221.61538769773261,156.17357675223295
222.0147164973924,155.87268389794383
222.41482615088827,155.57283068917457
222.8159970213364,155.27440323946536
223.21835337308372,154.97757129174565
223.62330127967147,154.68428441350147
224.02575949893833,154.38761073905297
224.42727509584483,154.08965711576903
224.83284824503653,153.79723546702405
225.23931580576865,153.50606013873667
225.64546504122694,153.2144478196218
226.04919892664688,152.9194919758694
226.45368964809717,152.62557561071958
226.85746520362957,152.33068619108968
227.25911566701797,152.0328995136512
227.66366547212095,151.7390754099063
228.06912031338888,151.44648985156223
228.47483990272835,151.15427141472736
228.87690037936338,150.8570747154775
229.27657374142555,150.55664461467939
229.67293435996376,150.25185245586945
230.0750874392271,149.9548695013942
230.48160590973055,149.66376680631134
230.8841655445867,149.36721033549256
231.2846418099111,149.06787045645024
231.68263658065604,148.76521526905097
232.0865910775714,148.47058182197824
232.48990394283473,148.17507204287395
232.88990394283474,147.87507204287397
233.28913884295596,147.57405605893055
233.68800020651236,147.2725443084245
234.0894235155241,146.9744514923721
234.49108709551476,146.67668288775488
234.893085037807,146.37936545740007
235.30235889563414,146.0922126369657
235.71247439915888,145.8062142816835
236.11896964220506,145.51507579679907
236.52799833686296,145.22753319427528
236.9389620959155,144.94273714664575
237.34990460184738,144.6579104331507
237.7595880005471,144.3712942853235
238.16645473615046,144.08067518846394
238.5732680563042,143.78998133151748
238.9800555674506,143.4992513523696
239.38819834625107,143.21042737077437
239.7956154553603,142.9205879363154
240.20110148909217,142.62804550102027
240.60734468672055,142.33655688105625
241.0139695690982,142.0455994872142
241.42151110756177,141.75592749477252
241.82876941057188,141.46585833287966
242.23539178487562,141.17489743393344
242.64296666459842,140.885274736714
243.05103466335817,140.59634480314557
243.4589746630778,140.30723417271363
243.86643153543383,140.01744481070904
244.27317645053685,139.7266552406797
244.68279471616444,139.43994261824366
245.09331208647242,139.1545039880671
245.50301565045132,138.86789800476777
245.91356975745725,138.58251544030227
246.3249349265039,138.29829950532456
246.73487198300305,138.01202870489146
247.14521709495904,137.726345824073
247.55684328925054,137.44250806024814
247.96480648688257,137.15346405542786
248.37133665031422,136.86238231901322
248.7824327461361,136.57777732959806
249.19340778794708,136.29299764707937
249.6042557158207,136.00803452637436
250.0160529912033,135.7244456284407
250.4282370891995,135.44141977891354
250.84117405072436,135.15949236661274
251.25100882663074,134.8730954167867
251.6598386255793,134.5852499109669
252.0723695665602,134.302728721083
252.4839174007517,134.01878329805072
252.89435674344818,133.7332319962381
253.30914902783323,133.45404914630424
253.72441444672495,133.17556325401483
254.14014731346396,132.89777523499137
254.55645819948222,132.62085517733482
254.9730538798958,132.34436279436324
255.38973775605405,132.06800334120533
255.80218407487772,131.78549831306913
256.20862723011857,131.49428711555453
256.6214656653057,131.21226521248747
257.036009777268,130.93270773843662
257.4514633657558,130.65450221043142
257.86320571100816,130.37088081606942
258.2732391763503,130.08478699255807
258.69454737953544,129.8155298702217
259.11003073643633,129.53758673746532
259.5190597954091,129.2500189560366
259.92149912327477,128.95331021035122
260.326505791492,128.66016338239476
260.735577105854,128.37265571333845
261.137365790955,128.07509697428685
261.5402287476926,127.7790035260013
261.94775423119427,127.48930889316061
262.3506312185921,127.19321206892766
262.7530306234955,126.89644692431658
263.15777647230345,126.60288126237248
263.5576107844939,126.30272213277644
263.9547552780952,125.99895206973179
264.34904504927164,125.69148579878507
264.7464891515152,125.3881880263219
265.1495331552359,125.0922901874234
265.54653054451495,124.78838147408321
265.9420480087015,124.48250205933626
266.34046632765507,124.18040465265719
266.73916388739093,123.87867617397133
267.13809754935204,123.57725962937849
267.5349803156426,123.273148424674
267.93426048012356,122.97223829358695
268.33766973663575,122.67683861220547
268.74229990637974,122.3831149412628
269.1465182246199,122.0888286765959
269.54904614329655,121.79222915757094
269.95180910319255,121.49594896878503
270.35391707652036,121.19878973456906
270.7532938103569,120.8979605064844
271.1550090789658,120.60027408391471
271.5574518436128,120.30356765939442
271.95569199564767,120.00123542276188
272.3545248233615,119.6996869475648
272.75390557754605,119.39886305691289
273.14724748442137,119.09019038261252
273.54241994453616,118.78388791406374
273.9408079104375,118.48175048072419
274.3355568174018,118.17488662547902
274.7298708662459,117.86745295653503
275.1251721969858,117.56128820037375
275.5314922792435,117.27013136562972
275.93904515788387,116.98065036014732
276.33458460466807,116.67479329216023
276.7370528183873,116.37820809928822
277.14025138517917,116.08259691020447
277.53612328517266,115.77717025977013
277.9411656010058,115.48411931474844
278.34610340703665,115.19087179615013
278.7466940114134,114.89166088778438
279.14672689789234,114.59170482658074
279.54889993418806,114.29464640998162
279.953028905851,114.00023562288696
280.35311124048974,113.70034543380099
280.7543508793678,113.40200989878639
281.15670630463603,113.10517911967564
281.5609531274043,112.81092666636081
281.9672865121382,112.51957134594234
282.374795201248,112.22985451241722
282.7831813731312,111.94137447044794
283.184960780832,111.64380038058333
283.58855232706935,111.3487177169957
283.9967439888048,111.05996251394357
284.4061579501024,110.77294321062391
284.8206812189654,110.49346474618584
285.2387901584521,110.21926779844298
285.6558472907298,109.9434719529045
286.0669154689822,109.65885706555075
286.47696776341115,109.37275028369257
286.8872594691466,109.08698857016033
287.2985296489272,108.80263520164252
287.7103092007798,108.5190199681376
288.12576175699513,108.24083318809119
288.53818363616085,107.95820797819806
288.9442579546004,107.66656260892576
289.3497922650526,107.37418459284166
289.7604584581195,107.08896064433387
290.1695569126042,106.80150215530458
290.57514177274766,106.50911819732971
290.97969082244964,106.21533855777757
291.38950314500954,105.92888810782496
291.8001689839805,105.64366328899054
292.20895445812,105.35577236733046
292.61588455295856,105.06524475747543
293.0245037900332,104.77709493690885
293.42704732999175,104.48053023435392
293.83374267930225,104.18971088793678
294.24151019636355,103.90035824235345
294.6492296888584,103.61093757716442
295.05868682554944,103.32399431259681
295.46994287215364,103.03962383380025
295.8786617922965,102.75163743831847
296.28469235400684,102.45987230839954
296.6959458882321,102.17549486452039
297.11036983740985,101.89575856499987
297.52531365691607,101.6167936167066
297.9389890493308,101.33595601779439
298.35115597628305,101.05290673712219
298.7552200614169,100.7586083034767
299.1674703663176,100.47643543466552
299.5824775483442,100.19787048855402
299.99307506317473,99.91258895704118
300.4093824686385,99.6357566108664
300.8278454216969,99.36224079119903
301.240028984764,99.07923350648304
301.65686264128817,98.80310001921882
302.06946994496656,98.52071326775598
302.48224401098855,98.23855134535086
302.8969720847954,97.95928054270252
303.3136443686703,97.68290375421982
303.7296695158392,97.4055536561072
304.1504190680498,97.13551601052774
304.56961372936865,96.86307578062362
304.9897916216127,96.59216801611893
305.4154612846876,96.32988144506555
305.8423362700377,96.06955713218505
306.2672475544018,95.80604820254857
306.69757996606234,95.5514622338181
307.13370171044573,95.3069597235418
307.57309620206735,95.06839385385274
308.0144491219106,94.83343266328285
308.45646163935146,94.59971294998377
308.8995533730948,94.36804569833114
309.34657974566767,94.14414759222139
309.79636112300085,93.92577146095631
310.24808777810927,93.7114282103871
310.6984322028455,93.49419945120619
311.14941100099276,93.2782981218871
311.6014327426883,93.06457787241474
312.05743837572936,92.85949905583966
312.5156504256859,92.65946916284831
312.97608310630443,92.464528939984
313.43459580521557,92.26511453494453
313.8955528806868,92.07149184943404
314.3587820288011,91.88332242933292
314.8250962145637,91.70290325031762
315.2946355372489,91.53116117542386
315.76578890951924,91.3637888979778
316.2375013862473,91.19799583630426
316.7113263813951,91.03836855192905
317.18541110403635,90.87948782032508
317.65917885755016,90.71966255407946
318.1327854434459,90.55936035764877
318.6093564018891,90.40845666286172
319.0892829120029,90.2682123779356
319.57186450518134,90.13738804562166
320.0541589149638,90.00551302627419
320.53635378015366,89.87329315369148
321.02097697340804,89.7502469812198
321.506162841851,89.62945295319673
321.9920110891124,89.51138020616797
322.4796758924375,89.40100339883101
322.96803164723747,89.29375107480567
323.45704072886844,89.18953811529782
323.9475070419525,89.09236406665465
324.43888064432537,88.99996009701307
324.9307758739981,88.91029917153449
325.42268974277965,88.82074055553142
325.91623756509597,88.74109432044987
326.4108999066094,88.66823538202667
326.9060742394707,88.5989361751377
327.40233176489636,88.53865007387977
327.89982554626295,88.48865069886804
328.39751212722996,88.44061456580275
328.8955632411567,88.39696788842568
329.3944117355735,88.36305359028859
329.8934638234848,88.33236203364875
330.3925436531861,88.30216741682997
330.8911480232155,88.26483536374401
331.39016013495814,88.2339747555807
331.8895071534724,88.20842959750811
332.38875713596644,88.18105983189145
332.8878990501534,88.15188008727279
333.38682155321743,88.1190725281383
333.8859179380674,88.08908482459186
334.38509798043776,88.06046404753093
334.88434310716326,88.03299946231986
335.3836887436822,88.00752047170326
335.8831553250865,87.98443077572593
336.38266602358266,87.96232119604748
336.8822162715398,87.94118557474863
337.3819163259927,87.92386923622797
337.8814872796857,87.90336587800955
338.3809506951786,87.88020779984761
338.88065768073847,87.86315271700131
339.38037697223837,87.84640077497275
339.8800940671852,87.82958337273895
340.37986819311953,87.81461250801742
340.8796692649312,87.8005121648527
341.3794271211269,87.7849530784207
341.87928713694873,87.77547518631162
342.3792856090275,87.77423909614579
342.8792347658124,87.76761504024901
343.3791638012627,87.75925183401569
343.8790506662912,87.7486159432704
344.37898793304345,87.74122220433823
344.8789638465609,87.73631446530983
345.37850602360214,87.71534001158324
345.87815958458725,87.69777224352725
346.378074712843,87.68856004828913
346.8779274170336,87.67654928209762
347.37775712103945,87.66350109385104
347.87759450777503,87.65075014010777
348.37724872049426,87.63277235004165
348.876752482664,87.61050148166466
349.37637554514174,87.59109514018806
349.8761104009193,87.57536123327064
350.37599199279805,87.56448032794165
350.87532841789516,87.53935766693355
351.37450532022217,87.51072831793635
351.87355443927015,87.47990662464429
352.37278454956817,87.45220375293735
352.8720580980446,87.42526188559016
353.37135038485854,87.39866842157878
353.86946571745926,87.3559435758647
354.3678552756993,87.31760655020553
354.8674241303294,87.29684698654127
355.36617909134156,87.26221248908715
355.8649025148726,87.22666698935194
356.3639736708608,87.19620420450589
356.8632465446583,87.16932275898537
357.3625143938839,87.1423708234209
357.86153049066473,87.11101902676452
358.36106280660147,87.0907892368775
358.8608185089023,87.07521982239199
359.36046427278836,87.05640199492096
359.8602124821723,87.0407412942599
360.3599954010197,87.02632922187887
360.85931507768726,87.00025508732703
361.3587076649564,86.97565611925073
361.85816491122665,86.95236536683399
362.3574323150294,86.92531294713085
362.8565497224632,86.89573288835886
363.3555027798791,86.86339333834117
363.8549033798005,86.83897600904606
364.35396088570224,86.80907394038012
364.8525149810582,86.77107638777743
365.35201970769276,86.74957735516824
365.8515621805374,86.72832126726567
366.3509660046465,86.70391183332639
366.8500569410563,86.67387558509954
367.3490953433506,86.64288146417307
367.84815368752345,86.61220950447999
368.34532546352096,86.56087278248907
368.8420351939974,86.50435753365397
369.34090844680486,86.47080939461088
369.8395664926637,86.43430816466862
370.33803273850043,86.3951750359736
370.83714977899825,86.3655206012354
371.3361673737039,86.3342666189187
371.83503110028295,86.30057712050036
372.33414125820616,86.27079065715499
372.8330347350523,86.23789128446599
373.3314893975844,86.19861088986427
373.83114559557333,86.18202861341729
374.3308228115963,86.1646604102503
374.8302987204962,86.14177337399343
375.3297746293961,86.11888633773657
375.8292017350182,86.09498572415323
376.328565955481,86.06977907182429
376.8279468947893,86.04490591562215
377.3273358313143,86.0201941314264
377.8267368255075,85.9957300656613
378.32619539060283,85.97246761194452
378.8259605747563,85.95910144772785
379.3259131778098,85.95328824737257
379.82591125415576,85.9546752045885
380.3258796060672,85.9501121752417
380.82575743235645,85.94015939865115
381.3254877527356,85.9237396881244
381.82544486561324,85.91758218592213
382.3254231248029,85.91303446518901
382.82538217528355,85.91218272261995
383.325193269637,85.92592571942562
383.8251506202423,85.92955135031285
384.3251119649065,85.93375738703891
384.82500787413824,85.94395934437017
385.3248576836583,85.93178704094923
385.82465439194505,85.91761288988405
386.32427606546577,85.89923236248413
386.82325873128616,85.86735291439005
387.3214726417124,85.82554731813377
387.81898133853286,85.77612993911512
388.3153893628666,85.71630458180661
388.8104034851894,85.6459809028528
389.3040670846257,85.56704849543254
389.7962765931948,85.47912921612414
390.2847899142311,85.3725731096223
390.77574096866164,85.2783349389046
391.2654433645347,85.17922753179643
391.7483914121633,85.0497625431249
392.23189709289056,84.92239794740907
392.7131288445454,84.78689395779263
393.1924421134525,84.64456797469283
393.67099672582583,84.49970430438104
394.14252618036016,84.33366967684434
394.61134122720705,84.15989823781956
395.07878112024684,83.98241600949608
395.546153325145,83.80475559722407
396.0105611325419,83.61953911098689
396.4682058625043,83.41902683343785
396.91556252048684,83.19570638977295
397.3663254703,82.9793487793626
397.8128176624809,82.75446466885238
398.2525497433359,82.5169036935001
398.6782312010555,82.25461511854158
399.10302787862724,81.99089729500014
399.5221212356838,81.71843008450494
399.9341942580816,81.43524993649578
400.3417398026739,81.14558352649456
400.7469098564913,80.85261687300635
401.14389480249594,80.5491346335213
401.5245294739775,80.22491673323492
401.90221917802694,79.89727628791222
402.2658758922101,79.55454288489966
402.61484621955435,79.19673925053688
402.9425743898866,78.81912271703935
403.26301671278554,78.43531946048765
403.58712067147246,78.05462702835199
403.9058408250636,77.6698838305466
404.19839236450514,77.26440436525846
404.47552628176487,76.84826221620399
404.7410283677139,76.42470436290515
404.9979266583005,75.99576105788265
405.24904709476857,75.56339717596366
405.45063183536655,75.10656241432521
405.65505367955114,74.6505382600717
405.8705789204076,74.19949254475361
406.0658538438356,73.73920165381598
406.23050666660214,73.26734778286662
406.38132026836035,72.79072550020916
406.52068240056786,72.31053991514172
406.63398394808013,71.82355343122715
406.7374905497528,71.33445373313779
406.83008272486273,70.84319703252928
406.9005939714942,70.34819383648053
406.94479002860663,69.85038147391124
406.975000273099,69.35133763087599
406.9972932839524,68.85183485644215
406.9932336407474,68.35187408163027
406.9922663616104,67.85188801269
406.9825995720726,67.35240840053713
406.9373985110244,66.8544557280068
406.90119752829554,66.35577677312477
406.85091977196663,65.85858655668451
406.7821470255518,65.3633422788336
406.70638447898983,64.86911557322328
406.62074348335614,64.3765589907642
406.5230894627872,63.886357851148766
406.401821650269,63.401286601076094
406.272703271692,62.918259080129964
406.14209844573793,62.43561803721489
406.0106850326681,61.953241938160154
405.8336873231833,61.48561836001516
405.66605333122084,61.01461464850749
405.5017328746138,60.54239733969245
405.3327208540652,60.07182860198237
405.11709946182384,59.62119892364775
404.9261560293516,59.160178637564194
404.7477306383914,58.69403109027496
404.51497586155256,58.251509662704805
404.28373085854867,57.80819819980703
404.0441004979252,57.369507543776386
403.7931635013943,56.93703892163061
403.52962836628626,56.51212806914083
403.2660932311782,56.08721721665104
403.03696490963387,55.643256927259635
402.79621918501863,55.20706457487533
402.49277836941917,54.80966846086776
402.2034574876776,54.401965686644296
401.9121422462556,53.995666520376915
401.6139312733747,53.5943321691894
401.32235082864423,53.188153828739324
401.035239074011,52.77883567254005
400.7500089560329,52.36826575928259
400.4393556373597,51.97648199800946
400.1328381955058,51.581474635726636
399.8288789592198,51.184475069435095
399.5256152203456,50.78694380691093
399.2157987838727,50.39452364813597
398.8965259644452,50.00993326973454
398.565194713332,49.63547419048055
398.2347896212927,49.26019782619831
397.9037815583987,48.88545458613947
397.57180951986953,48.511563471461976
397.22725773845343,48.149260421467034
396.88566881360225,47.78419687621981
396.5504418154058,47.41322132489576
396.1988259794244,47.05782597942441
395.8487632629914,46.7008800454776
395.50543240324555,46.33739150267853
395.1433609959667,45.99281783285014
394.78364698752347,45.64591379736087
394.44287503420367,45.28002518612705
394.07984650280235,44.93658297384061
393.7152093503872,44.59460383433877
393.3609633988313,44.2417443640022
392.9944125866294,43.901772404000305
392.63682161019983,43.55291730490846
392.29820279006753,43.18503512994994
391.9335671776974,42.84305436645336
391.5717465034755,42.49805789889843
391.2165824164534,42.146122576303824
390.8504750906577,41.80564683667204
390.4849493431003,41.46451360635815
390.12313494967174,41.11941891687728
389.76036047244236,40.77533396133049
389.3922862236139,40.43702219125149
389.0183574042547,40.10509262334199
388.653112192211,39.763632698271394
388.2857388070256,39.424476326694815
387.9163689145665,39.08748248659959
387.55510443558,38.741812157785205
387.19745063000096,38.39245063000094
386.8438972394077,38.03889723940767
386.48408800827826,37.69171639273275
386.12409079409457,37.34472647445788
385.76413221972814,36.99769646892505
385.3936809662902,36.66190244703776
385.0237881993271,36.3254835997358
384.65472773366156,35.988149384627484
384.26850211425295,35.67063244334772
383.8871820203714,35.34741432394647
383.5160479997529,35.01236277755469
383.1509986320956,34.67072379321748
382.78818350874457,34.32668599905376
382.42794850848276,33.979942946367274
382.07193200903174,33.62889180861154
381.7188601348845,33.274869677708615
381.3695133446026,32.91715915211607
381.01456489931684,32.56504755578079
380.65689918142516,32.21565509069631
380.29869000860447,31.866819615855935
379.9420980015611,31.516334544611762
379.58741717182596,31.163929109554253
379.23773445890356,30.806546960750996
378.88454978989523,30.452645052070903
378.53015524104745,30.099948180693072
378.1816638982079,29.74140420296388
377.82550213513525,29.39057855230653
377.4631889212226,29.04607675829669
377.0873151816352,28.716351218053642
376.7180193052163,28.379365489623314
376.354158666042,28.036463044968876
375.9993470903154,27.684172333012977
375.6476431011439,27.328802662212585
375.2986511262778,26.970745960726553
374.94289151745727,26.619414011728463
374.58969687574813,26.26552541105968
374.2396234019367,25.908526023198025
373.8729941700848,25.56867626487016
373.50762766107067,25.227483667393784
373.15437945234464,24.873625358134507
372.803432888294,24.517494140657995
372.4539421422791,24.15992527476007
372.10071779138906,23.80604315040468
371.7409716048349,23.458917277534166
371.3748420073505,23.118404255982988
371.0058826693886,22.780962152869865
370.6353077893944,22.445301674114592
370.26258399532736,22.112019551377372
369.89445303719117,21.773682536121154
369.527745767224,21.433794533438828
369.16236950706707,21.09247329396831
368.7987927397726,20.749238431386928
368.43162393967134,20.409970295284072
368.0550487516607,20.08104609767199
367.67898343366295,19.75153931875058
367.3044071099896,19.420361049626575
366.93426296063296,19.084216276207382
366.5550564695823,18.7584696340473
366.1738719888308,18.435002365210444
365.8049292569382,18.097539388598747
365.4316716706333,17.764901809994146
365.0555381943841,17.435478538020092
364.6848460210243,17.099938208685803
364.3015634190547,16.779479776513362
363.90520574062384,16.474683794340187
363.53485411667623,16.139150119297618
363.1627733227209,15.80536413674026
362.77998426643575,15.483692660870382
362.3982129917463,15.160814871742879
362.01160022134,14.843985005747555
361.61350527776267,14.541461591946002
361.2319587446086,14.218416125950371
360.8519485245991,13.893466542990446
360.4719715388186,13.568478096615568
360.09267469237847,13.242696828325673
359.7133307525159,12.916973004239336
359.33129455233575,12.594407752310538
358.9454795740999,12.276414539180516
358.5568906081171,11.961778663329488
358.1767928177676,11.63693151500977
357.79451876418705,11.31466490800725
357.4100804752379,10.994967290467674
357.0231928851167,10.67823713306208
356.6359578383017,10.361932226664296
356.24942644723933,10.044797707893462
355.87113381451866,9.717850183007137
355.4874360728613,9.397293933529586
355.0976968800222,9.084272660016637
354.69776987239544,8.784179396825847
354.31044700150306,8.467981683861789
353.92796203661413,8.145984464852416
353.5495954582282,7.81916011888523
353.1761291035305,7.486710300252625
352.78892413578865,7.1704329427580795
352.4048541990219,6.850356559164634
352.024906665625,6.525336830894478
351.6483188426283,6.19642709924971
351.27748641074663,5.861108240633138
350.9092041961451,5.522937563636015
350.536531235393,5.189598600530439
350.15958323328766,4.861133050858568
349.7800304532033,4.535657528319885
349.39608292598535,4.215369694733897
349.0165825312595,3.8898736601977943
348.64018130566967,3.5607510712906785
348.26601510144707,3.2290891174617173
347.8950637493003,2.8938718534110324
347.52753779722025,2.554866433767541
347.1481974108503,2.22916539959158
346.77077741787184,1.9012540337426258
346.39796996625773,1.5680654924916393
346.02102105934875,1.239582267705418
345.64364052735743,0.9115840146257137
345.26731273711897,0.5823767937233719
344.8901468837783,0.2541309963194086
344.5121560704821,-0.07316099870643578
344.13173909450256,-0.39763430174780684
343.75459651772155,-0.7258875995301606
343.3796966600248,-1.0567124018524983
343.00920318430684,-1.392472114221922
342.6396128807517,-1.7292235472978736
342.27072708860965,-2.066748429973226
341.8991784763051,-2.4013401643220753
341.5289397634383,-2.7373751033590743
341.1600166620647,-3.074859540441631
340.7913928310596,-3.412670817268367
340.4209443932113,-3.7484662337177146
340.0482012469426,-4.081726712787363
339.66677746652806,-4.405002002204097
339.28696175007894,-4.730159852101294
338.9097030529243,-5.058299876208678
338.5174243073977,-5.368309281686365
338.12602917861176,-5.679444806465478
337.7361042079943,-5.9924280604727835
337.3468458212414,-6.3062397929500085
336.95960793024886,-6.622511698545953
336.5762594628769,-6.943516297521729
336.19846718412776,-7.271018543270796
335.8221102794286,-7.600192054404852
335.4461957583632,-7.9298710996172685
335.0708398361281,-8.260185863894737
334.6981428108782,-8.593471878857573
334.3287006447306,-8.930382925655888
333.9650725936098,-9.273566026111194
333.5923870091874,-9.606759701675479
333.21782913648775,-9.937924789882333
332.8497336822934,-10.276311752694852
332.476425029497,-10.60892826201329
332.097789222881,-10.935402587261148
331.7150749092205,-11.257154337549137
331.33853034876347,-11.586113596409913
330.95530439545956,-11.907156807254097
330.5725497678588,-12.22843589862641
330.2157480082042,-12.578710796823994
329.84307636839645,-12.911815120307567
329.46791971214293,-13.242334886820316
329.095746207412,-13.576231384797127
328.7262579006952,-13.913096923550428
328.35255655593687,-14.245240793119395
327.97681431464594,-14.575093435880934
327.60866922601986,-14.913426398686068
327.2430662052364,-15.254494269392463
326.87692837502044,-15.59480828686244
326.4811216922686,-15.90031944850626
326.1160309034459,-16.239766877525906
325.7670271086947,-16.59725738919893
325.3849831905648,-16.919813500007567
324.9987209500842,-17.237266061402963
324.6093569564708,-17.550937804618417
324.2166315635813,-17.860399863326403
323.83226847349357,-18.180084577190332
323.45198964157174,-18.50470920117026
323.07500196037745,-18.833160549512396
322.698109491781,-19.161721135194398
322.32058098741595,-19.489542982935127
321.9398570268485,-19.813656027797265
321.56032574918993,-20.139160933186414
321.1817053204277,-20.465728798910977
320.8003082237185,-20.789048081803074
320.4180798677072,-21.111381214673738
320.0341623569659,-21.431705027316784
319.6528630803988,-21.755123632733635
319.27335901949624,-22.080664210478513
318.89191021506105,-22.403922125717582
318.5093847635778,-22.72589551532632
318.1232034403148,-23.04348642445756
317.7360433963334,-23.3598788707859
317.3476895919727,-23.674809534009658
316.97170733700005,-24.004275308353453
316.59802899196507,-24.336462379196735
316.2149522642595,-24.657791214956003
315.83252711467674,-24.97989291217425
315.45105944597805,-25.303130313688392
315.0777759269412,-25.63569625958966
314.70745419201273,-25.971642775758703
314.3330244183803,-26.30300714411712
313.96355136049493,-26.639755374640057
313.6024348627533,-26.985580294301414
313.23310328681765,-27.322511518164056
312.8597463633117,-27.65508395656333
312.4815245115626,-27.982113360225327
312.10372407812685,-28.30962830713271
311.7267311614862,-28.63807364627272
311.35665000433767,-28.97421099598042
310.9899412875675,-29.31410016385759
310.62413730749273,-29.654962963472677
310.25313503676085,-29.989994576805778
309.8726661055919,-30.314406956987455
309.494980389697,-30.642042229700774
309.11861896564375,-30.971210998700307
308.75161461317197,-31.310775871909723
308.38406363347013,-31.649750017944754
308.0147132117928,-31.986766732673864
307.64812508640125,-32.32677437575538
307.2825813681836,-32.6679099928099
306.91007771003996,-33.001438139552555
306.53712067076737,-33.334458456935124
306.1636597490756,-33.666914378779026
305.7977247013114,-34.007613509745624
305.43031243801465,-34.34670544432609
305.0582080555494,-34.68067898901216
304.682743365218,-35.01086168027175
304.3091442671087,-35.343114807603285
303.9409454703706,-35.68138932050757
303.5616810685949,-36.00709347707924
303.1791354350124,-36.329053338743925
302.7956736503866,-36.6499225640236
302.41924922361494,-36.97895559304241
302.04319683342027,-37.308413373529426
301.658874855922,-37.62825179775616
301.2741922274444,-37.94765610103316
300.89004593088794,-38.267694288431414
300.51001078674636,-38.59261472364179
300.12703165930066,-38.91403723594817
299.7427580588347,-39.2339078231111
299.36776314499417,-39.56463250406763
298.9855272779709,-39.88679444191777
298.5972540493928,-40.20182169931317
298.21368047574543,-40.52255728137326
297.8314650981664,-40.84490339588941
297.45059233717274,-41.16884156889943
297.0656230537783,-41.487898933350266
296.6811967126622,-41.807609927364396
296.29757027753914,-42.12828228082622
295.9142266272052,-42.44929260703079
295.531172521277,-42.770647947615174
295.14858011041,-43.09255328641365
294.7643756333481,-43.4125310999877
294.38157684760785,-43.73417011550394
294.0020845576993,-44.059724414968635
293.62931972771673,-44.392917063547245
293.2567792568485,-44.72638112843708
292.8801715020415,-45.05526803760075
292.4992524586203,-45.37912791275667
292.11768977529056,-45.70223895207871
291.7405553363378,-46.03052177976814
291.3587943353554,-46.353366312175304
290.97454852254464,-46.6732935944673
290.59330376455904,-46.99679387964265
290.21048836152056,-47.31842636539951
289.8263781561036,-47.638519086046394
289.44253564497546,-47.9589327665452
289.0572396776193,-48.277588072085564
288.67032007238987,-48.594279118831565
288.2899752810738,-48.91883081513761
287.90713488088943,-49.240405293123096
287.520829204516,-49.55784493211246
287.1325509099905,-49.87286729945396
286.74592128418635,-50.18989135224957
286.36222891459175,-50.510484810565345
285.9789176958479,-50.83153376193029
285.5951305949971,-51.15201138705371
285.2102121899505,-51.4711317741436
284.82496538912346,-51.789855543609434
284.4391484397816,-52.107887053627124
284.0523184103853,-52.42468750873616
283.67295173773323,-52.75034556303052
283.29466704079937,-53.07730077332756
282.9154786775276,-53.40320901986223
282.5335230176626,-53.72586626156087
282.1474440845576,-54.04348093660238
281.7546335523837,-54.352834918010885
281.36305854334853,-54.66374938689986
280.96638630805967,-54.96768613298675
280.55219952242317,-55.247774166654835
280.2117728916547,-55.60778388543165
279.8471442731241,-55.91678750673245
279.37739748913725,-56.07522709179483
278.9481134159748,-56.331576822688056
278.51124706514446,-56.57465951843706
278.0682446855845,-56.80606012525483
277.6154593384175,-57.01815781357535
277.1713403197892,-57.24764152666126
276.73017131777414,-57.48293339379528
276.29126862875444,-57.72244211925496
275.8524177528241,-57.962045748870004
275.41082341558695,-58.19616292224256
274.9560165081527,-58.40389033244659
274.49184337250904,-58.58875645972215
274.02036899270246,-58.754737937010596
273.53958293216095,-58.892014169436116
273.0585427594669,-59.02839502373327
272.57744049942124,-59.16453879167838
272.1000974628579,-59.31334613506049
271.62058478538404,-59.454778431182696
271.1387042545612,-59.588161915969486
270.6500052164494,-59.69365458360815
270.15876662727555,-59.785943619965565
269.66496021009846,-59.86439884512455
269.1714902729484,-59.944941644749576
268.67702035248476,-60.018703195292865
268.18132192392267,-60.084148347299106
267.6830335593568,-60.12473621841334
267.18459440272153,-60.16417939951343
266.68631705782985,-60.205648515343164
266.18803617367564,-60.24707507876248
265.68996425666876,-60.29076725711667
265.1925100375502,-60.34115872346894
264.69619814599844,-60.401434540935895
264.20019940907287,-60.46442936667631
263.70282201683483,-60.5155735715337
263.2049617420692,-60.561532527389275
262.7066967642025,-60.60314425129057
262.20973180861057,-60.65815182271104
261.7123847516972,-60.7093988404599
261.2145122393008,-60.75547444572024
260.71617871579724,-60.79620465371855
260.2177109288044,-60.835292872457245
259.71904516550444,-60.87179570128442
259.22002299041395,-60.90273190576283
258.7207813288587,-60.93022017347204
258.2232252705499,-60.97959596551795
257.7247965788663,-61.016380007713565
257.22518599728187,-61.036109852336644
256.72681129564285,-61.07555225271338
256.2286381249482,-61.11825411881785
255.73043571314108,-61.160613968552724
255.23326767004153,-61.21328573592161
254.73612679416402,-61.26480640655668
254.23646847369812,-61.283287823958325
253.73898453654581,-61.3289553653063
253.24273289042915,-61.39006336529463
252.74626498235713,-61.449389719089396
252.2487932674103,-61.49810842227735
251.75000960132704,-61.532963184485574
251.2527128848271,-61.58410796466014
250.7557041834306,-61.63858853500756
250.2577676453005,-61.683966987989855
249.7595346350554,-61.72582493005093
249.26102181970055,-61.76436027651394
248.76525708549826,-61.828593447529094
248.26921720795474,-61.89070290696142
247.7714231587899,-61.937618625181365
247.27429981439798,-61.99094699290604
246.7775701773242,-62.048039511649705
246.27966945484133,-62.09380926750527
245.7819678469605,-62.14162488958404
245.2845855507027,-62.19272138035694
244.78688046891776,-62.24054989232765
244.28907487353072,-62.287337495687154
243.79115428156862,-62.33289058669258
243.29386770624126,-62.3847202163286
242.79686776532452,-62.43939785261743
242.2993178918624,-62.48883592921622
241.80161190332797,-62.5366453387428
241.30373041402956,-62.58262384039305
240.80631756325195,-62.63340951324519
240.30846581845677,-62.67930938880085
239.80997359748105,-62.718110234496855
239.3120888052152,-62.76399167451107
238.81392724420996,-62.806452640265036
238.31514533216256,-62.84133249425437
237.8163643427917,-62.8762255398047
237.31791596205167,-62.915321793770886
236.81981942152345,-62.958894203671285
236.32146471591898,-62.99942305021141
235.82312291211363,-63.0401101466061
235.32529961304445,-63.086421930333735
234.82777294391542,-63.13604407389522
234.32985849772632,-63.18162690395595
233.83160002615358,-63.223322173543636
233.33335197876582,-63.265141761256906
232.8347083641017,-63.301581655142996
232.3356597834679,-63.332402774092195
231.83654313604313,-63.36210744883959
231.33742404029292,-63.39176053082233
230.83839213089152,-63.422859620828504
230.33920557817987,-63.45135561705199
229.83997972491778,-63.47916779306012
229.3408864967253,-63.50924248262674
228.84175432254168,-63.53867383482744
228.34239858794794,-63.56378747800224
227.84295962688583,-63.58726643621401
227.34374928534498,-63.61531536527233
226.8440395798571,-63.632350923413966
226.34434749947414,-63.649893857710914
225.84502977667697,-63.67489058183017
225.34598146773197,-63.70505370755626
224.84619039808945,-63.719506620950774
224.34639932844692,-63.73395953434529
223.84640042953743,-63.7332825905461
223.3467431016387,-63.74741628718865
222.84709758256753,-63.764687972714356
222.34714337250352,-63.77
221.8471433725035,-63.77
221.34721107873548,-63.77768217649665
220.84737232383003,-63.79007135358714
220.34751480394917,-63.801511778326685
219.8475612307083,-63.80591603175016
219.34757953258514,-63.80428069502776
218.84766318527514,-63.81217865071118
218.34799833746536,-63.83043276584288
217.84845851828823,-63.85161926959244
217.34856287273587,-63.8613774670482
216.84901309894752,-63.88259122456524
216.34986191311933,-63.911104389323
215.85099573142946,-63.94475030013387
215.352181443428,-63.97912901807549
214.85314197667418,-64.01010546557232
214.35419566093825,-64.04247801070142
213.85611849334217,-64.08628594513625
213.35829515290214,-64.13288842623155
212.86191094515087,-64.19184434099033
212.3664497377992,-64.2588283070029
211.86922397639998,-64.31142623662906
211.3724976866984,-64.36847494890121
210.87553300697192,-64.42311233121238
210.3775803344416,-64.46831339226051
209.88139708200106,-64.52988988971734
209.38628127094313,-64.59943171171248
208.89001787279707,-64.65805031034853
208.3923818336221,-64.70393784103827
207.89887819865683,-64.78427564207911
207.40085777120973,-64.8279722827395
206.9056259807574,-64.89477156702095
206.41241154856996,-64.97672524244447
205.92014075952176,-65.06429715619544
205.426814961309,-65.14571986075482
204.93405346029402,-65.2304887898826
204.4413523371883,-65.31560942129683
203.94757239432894,-65.39369973333838
203.45248583425663,-65.46351133166367
202.95812744217315,-65.5384065511657
202.4636129865462,-65.61226490798595
201.96938738952508,-65.68803468592647
201.48023563529682,-65.7913570899524
200.98678141339792,-65.86981310120959
200.4911910711198,-65.93607043273387
199.9975577445765,-66.01383749759286
199.5071895295984,-66.11068577059673
199.01211049469936,-66.18048305685608
198.5191561325707,-66.26412513274072
198.02864104860362,-66.36104276070034
197.53179494393441,-66.41341794240574
197.03588235655508,-66.47604098225733
196.54116072830837,-66.54847589075374
196.04600221603238,-66.61762472299596
195.55003929990858,-66.68090596353404
195.05583518267613,-66.75681571594095
194.55802235461846,-66.80121042768042
194.06176723601843,-66.86012338998351
193.56604002371813,-66.92500903833418
193.06865742828373,-66.97433814951488
192.56947820171044,-67.00297553343303
192.0729292642238,-67.05137009691043
191.58176428213469,-67.14138010145021
191.0834925121058,-67.18271642095276
190.58709470560078,-67.24262650104819
190.0887678408971,-67.28178264869517
189.59079445001254,-67.32509687871055
189.09303989260417,-67.36684846095304
188.59324120416954,-67.37849648422053
188.09457581566664,-67.41500443279645
187.59783426398465,-67.47155535689564
187.09918827900046,-67.49792166735443
186.59927071234486,-67.49531434286284
186.09948772415245,-67.48120769626395
185.600156390408,-67.45691386632254
185.10188199463343,-67.4157195672395
184.60233324017125,-67.39448181982245
184.10287736445758,-67.37116385330796
183.60685897555985,-67.30882975649534
183.11009372801,-67.25267828474996
182.61281524536972,-67.20077571898517
182.11602292446068,-67.14423025156464
181.62194033106059,-67.06754451359109
181.12621763661843,-67.00230476004613
180.63399511610308,-66.91506778888952
180.1412464472662,-66.83032114875051
179.64578356452793,-66.76448351561494
179.1481915925755,-66.7158436339445
178.6515460900047,-66.65973057422
178.15628342947275,-66.59112522460798
177.6595212524866,-66.53590457108109
177.16097257842978,-66.49785999156619
176.6632306079034,-66.45154679860326
176.1671323629087,-66.389263705705
175.67047159966222,-66.33157413774447
175.17624135484772,-66.25652358219503
174.68275400623884,-66.17608633703617
174.1889854134517,-66.09745239062354
173.69435354534286,-66.02438177374384
173.20031988060765,-65.94739545601769
172.70611184511827,-65.8715664902196
172.21136943753746,-65.79934235938437
171.72629818746478,-65.6780745468662
171.23137419595136,-65.61884354066217
170.73480416518393,-65.56403326731754
170.2403049810653,-65.49010107255417
169.74583302349475,-65.41618466653756
169.25312531178506,-65.33110170219209
168.76328487757164,-65.2309275547071
168.27055546522027,-65.1467394064039
167.7771721659701,-65.06572862221945
167.28364765192651,-64.98560460916607
166.79052427277838,-64.9033042975466
166.29735278912406,-64.82184841894694
165.80227993799227,-64.75210921479577
165.30929073012575,-64.6687775961456
164.81816294032478,-64.5751230548911
164.32454237996845,-64.49550683547878
163.82995625745218,-64.42215573378097
163.33658039904378,-64.34121337626225
162.84289037995802,-64.26212846486219
162.34757175926055,-64.1944355566062
161.85115702990535,-64.13469202316237
161.35512112481706,-64.07185588019293
160.85937682526512,-64.00676397695804
160.3637259895104,-63.94096134616741
159.8684896089201,-63.87217506162715
159.37291454333175,-63.806441421812366
158.87595553594812,-63.751421089313205
158.37927590040914,-63.6939381708119
157.88197217378533,-63.64208256854856
157.38438531496774,-63.593021506390265
156.88693926129483,-63.54255787295332
156.39000332542727,-63.48745522750452
155.8936093072066,-63.42751949971206
155.39742533121395,-63.36586350269522
154.89875245451236,-63.33178441275473
154.40101502694884,-63.289025621103505
153.90610156340168,-63.21802683100771
153.40854185744197,-63.16868780988601
152.9111046811558,-63.11813810710661
152.4138127235325,-63.06618571923329
151.91681277499006,-63.01149521595489
151.41869092197425,-62.96887444172056
150.92040041948843,-62.92804609991854
150.42332668640597,-62.87403032556029
149.92546546686475,-62.8282740895889
149.4271572799276,-62.78718451665611
148.92910034912865,-62.743147104343876
148.4316200018849,-62.69341280723249
147.9348396349176,-62.63676241450815
147.43577946981497,-62.60867900669409
146.93716011638682,-62.57469289562704
146.44008088747196,-62.52072771999092
145.94237209930685,-62.4731073439032
145.44436987784164,-62.428458107318036
144.94619965607075,-62.38572135333769
144.449092094595,-62.33299743874229
143.95308289046866,-62.26995087323726
143.45841176138742,-62.197190676532976
142.96392121562323,-62.12317488802186
142.46961575361792,-62.04792789318689
141.9737022206976,-61.98463482122513
141.47714110809903,-61.926109187968535
140.98103949003615,-61.863793984724055
140.48472107018202,-61.80326130237436
139.9881457680206,-61.744840678590656
139.49454871845975,-61.66738164444436
139.00323580932798,-61.574891000960406
138.50916941345886,-61.4980899822635
138.01662400258286,-61.41248477151317
137.52542693176972,-61.319074720530594
137.03747099266613,-61.21004539019189
136.5480226823323,-61.108718390573046
136.05470941044678,-61.027219827508105
135.56484827452059,-60.92782884853675
135.0765022872615,-60.82053378801319
134.5860979692136,-60.723047353880034
134.09569232347968,-60.625567599291585
133.60528445343834,-60.52809903512087
133.1138974425431,-60.43574426573162
132.62218374746698,-60.34509367553221
132.13076167295432,-60.25287467162493
131.6390351783085,-60.16231400636306
131.14689957481156,-60.07398197496618
130.65575927225015,-59.98032273382916
130.164683866646,-59.88633148028835
129.67218390108604,-59.800054114058874
129.17979521131346,-59.71314651629889
128.68752813814686,-59.62555011982062
128.1937737267915,-59.54685474606754
127.69967630012859,-59.4702638283568
127.20519899149355,-59.39615450880067
126.70934608057053,-59.33248486224499
126.21254945926438,-59.27597718967937
125.71583987696442,-59.218710081030416
125.21949327592523,-59.15862403822314
124.72453084909654,-59.08782717368918
124.23088419981674,-59.0086994444665
123.73819547637623,-58.92350659385949
123.24450842930453,-58.844329739308286
122.75058867148694,-58.766676949492464
122.25449990845519,-58.70425949044783
121.75889861199241,-58.63817990278282
121.26375600401748,-58.568654383958496
120.76729060218844,-58.50945446692017
120.27063456475554,-58.451725983994734
119.77409948990524,-58.39296443667517
119.27784058103649,-58.33196422065132
118.78191109163933,-58.26829365016335
118.28490456902635,-58.213940540786396
117.78752595600855,-58.16280826844583
117.29011006053811,-58.112039902967766
116.79294947004351,-58.05895457766176
116.29641359964783,-58.00019975309058
115.79933001240217,-57.94646539489328
115.30180563219919,-57.896771420372424
114.80500282460311,-57.84039243904908
114.30809752443604,-57.785346681204345
113.80924199498804,-57.7515360210634
113.31005853863476,-57.72390518094084
112.81042628726159,-57.70473193427415
112.31059072402654,-57.69321302997996
111.81064514972127,-57.68583585351462
111.31065160916683,-57.68449040414847
110.81067898251786,-57.68200663900462
110.31086366014652,-57.668418279176564
109.8110541733741,-57.654618882625435
109.31125170273394,-57.64056575692283
108.811299884921,-57.64114730561667
108.31131470972659,-57.644997576492756
107.81136235419225,-57.63810051582314
107.31140073265003,-57.63390904362425
106.81141284454782,-57.63738923774097
106.31147723166836,-57.64461886850033
105.81158666079219,-57.65507913374994
105.3117270230191,-57.66689562906126
104.81187936915308,-57.67923754644067
104.31216238270126,-57.69601950856374
103.81245258598926,-57.71305216002283
103.31273639919996,-57.72989652586966
102.81295106525246,-57.74421648808602
102.3130620912298,-57.75475278964621
101.81329851161138,-57.76982559253325
101.31359079382764,-57.78691935710965
100.81392871788579,-57.80529593652154
100.31438674032819,-57.82615837937405
99.81530249201262,-57.856405909574995
99.31641598747892,-57.889615500912996
98.81773992052591,-57.92597729746166
98.31872009243467,-57.95712534602426
97.81958681308959,-57.986552704897214
97.320631016305,-58.018847989683934
96.82154975817022,-58.048884744511945
96.32209032720225,-58.07212859998264
95.82306603803318,-58.10248820752464
95.32449598167075,-58.14027575704532
94.82594714858604,-58.17834188501819
94.32740672554488,-58.21651840389972
93.82852744880552,-58.249953359043175
93.32986887503421,-58.28608622038682
92.83211162915141,-58.33339080971186
92.33346863197976,-58.369786187125406
91.83547916119068,-58.413386741630845
91.33841260881984,-58.46746855478611
90.84111077871056,-58.5193333677196
90.34379707550231,-58.57108453236099
89.84679748260467,-58.62577826746456
89.34964988725326,-58.67908374179133
88.85229007692614,-58.73039864285683
88.35492761919703,-58.78168787430959
87.85756365611985,-58.83296250967837
87.36017077237032,-58.883955729955076
86.86284793696986,-58.9356023206166
86.36592722098162,-58.99100811473376
85.86880082682531,-59.044489222169446
85.3713934017486,-59.0953405100445
84.87371819164296,-59.14346901876184
84.375934515195,-59.19049466561522
83.87773174985742,-59.232841742761494
83.37955155662681,-59.275455379438284
82.88148812152487,-59.31941916697342
82.38324576845412,-59.361254043566944
81.88483090916627,-59.40103630143485
81.38674935384292,-59.444735284357186
80.8887713646452,-59.48965090740115
80.39032837141859,-59.52907910167055
79.89187100166713,-59.56832420250795
79.39338268765991,-59.60717521019437
78.89499812758172,-59.647323615961405
78.3966708824469,-59.68818872034604
77.89771490140267,-59.72032448504176
77.39870292830912,-59.75172738131258
76.89982628696164,-59.785225093441426
76.40098971695446,-59.819309251382435
75.90219334313241,-59.853981682245674
75.4033390179754,-59.8878083084487
74.90447454842075,-59.92148680088472
74.40560788622923,-59.955132801447576
73.90838417131572,-60.005771172793814
73.41153460280856,-60.06122108913525
72.91374053186553,-60.108121244286345
72.41616930158978,-60.1573436859427
71.91851237667905,-60.20569226491225
71.42346181423846,-60.2751953610908
70.92594301935733,-60.322834641028024
70.42894137065284,-60.376875906131644
69.93313114866218,-60.44118798667261
69.43731614945001,-60.50528176023747
68.94019697397849,-60.55882956778977
68.4430355661287,-60.61195934797381
67.94628838873216,-60.66889669898463
67.44925991521188,-60.723078807203386
66.95221720444572,-60.77621828815093
66.45679471387552,-60.84302052861245
65.95933130116386,-60.89325707929244
65.46331957395901,-60.956240897961194
64.96569662670838,-61.004937944786946
64.46835103985411,-61.05636088869848
63.97090184633817,-61.106700547825476
63.47299643480047,-61.15241926567112
62.975009225469044,-61.197237452399264
62.47648006281168,-61.23426225256935
61.977504766971265,-61.264898333306284
61.47923569085089,-61.305904644109695
60.97994637780248,-61.332552681109874
60.480570208363524,-61.35752148958182
59.98153078515618,-61.388307185187095
59.48246948733482,-61.41885304925827
58.98333110705507,-61.44815146319515
58.484371796494564,-61.48039439117967
57.985977995467834,-61.520425029822746
57.487130367408454,-61.55406199171634
56.988062155801295,-61.58457208890526
56.488971505437526,-61.61471379953116
55.990104458412915,-61.648324309843034
55.4914952526008,-61.685434850799126
54.9931854202897,-61.726511742381525
54.49587947011858,-61.77827431749804
53.99792416081967,-61.822759485535336
53.49928148590984,-61.85957636697297
53.00090076440016,-61.899778267111216
52.50291369651877,-61.94432737263153
52.005446403836224,-61.99458961204763
51.508639560076084,-62.050958442136
51.01196378505077,-62.1085173016103
50.51534664552808,-62.166581203755314
50.01889154726819,-62.22601301432782
49.52212226575725,-62.28264248851824
49.02484815404306,-62.334781320677
48.52845485959868,-62.394647642458075
48.03163886172683,-62.450577349319005
47.5338718808034,-62.497779390613466
47.03663728086836,-62.550202022646346
46.539481947939116,-62.60340557073038
46.041748110178354,-62.65095582570257
45.544190811943466,-62.70029095184694
45.0467860917596,-62.751168690975256
44.54871843217292,-62.79499595117671
44.05049619635339,-62.83709634442488
43.55199705133045,-62.87580813089123
43.05365878993379,-62.91651603625241
42.55545171604947,-62.95876435841636
42.05794563868996,-63.00864123673032
41.5597552231226,-63.0503078368256
41.06085700556566,-63.08348265436136
40.56261623138765,-63.125314950537444
40.06476956670121,-63.17135975502059
39.567708136199336,-63.2254886226184
39.06954289580769,-63.26783946826353
38.57108326549078,-63.307056658854485
38.07263826155939,-63.34645942596369
37.576425342697675,-63.40626045202233
37.07973068467831,-63.45976261273228
36.58087117658441,-63.491361442371705
36.08433396693985,-63.550104947871375
35.587525816516944,-63.60646819134268
35.09048549316958,-63.66078993468028
34.593225427364594,-63.71306255615305
34.0961066036033,-63.766646948075596
33.599122821838066,-63.82148089031465
33.102924932496784,-63.88302481457404
32.60713263083661,-63.94766224397825
32.11184016766218,-64.01611204984069
31.61401980794999,-64.06213255914909
31.11679700091655,-64.11364892347086
30.621142524874877,-64.17942612605547
30.124623584091037,-64.23825286338484
29.62743976435662,-64.29081047748654
29.1293456510178,-64.33442531736011
28.63189733866753,-64.38474829478778
28.13447214058616,-64.43532538825663
27.636450142331075,-64.47975611246846
27.138695867116372,-64.52705472047612
26.641102486254304,-64.57604630705929
26.143644072631353,-64.62639634892396
25.645107482428166,-64.66397378332692
25.146477472857764,-64.7006695748098
24.648414317305274,-64.74463652923097
24.148745338185396,-64.7496482787468
23.64876608269281,-64.75058854317095
23.148804710278565,-64.75680353260704
22.649157406284857,-64.73855438792287
22.150136951008246,-64.70856120334764
21.651324133914265,-64.67447943476958
21.152017298067925,-64.64816055034997
20.656020753782023,-64.58550269273753
20.160923013672576,-64.51575833181663
19.667286110289197,-64.43680667786857
19.175942001385003,-64.34422017686514
18.68728313695268,-64.23833101683566
18.196471593133207,-64.14310102855511
17.705864908599906,-64.04674293798404
17.21578991761234,-63.94766237973612
16.724696813396555,-63.85370726815786
16.237986549854334,-63.73920935194262
15.765635222724008,-63.57776119658587
15.300088072341417,-63.395457527512974
14.837181420435032,-63.20647678736385
14.37716943868607,-63.011258977060415
13.950630920265404,-62.75036648521088
13.530397944153691,-62.47948285071195
13.112344460502989,-62.205202449599525
12.714087097839656,-61.904064266947515
12.342742925888906,-61.569697010240866
11.982249677761876,-61.22324967776188
11.628696287168612,-60.869696287168615
11.26043959631519,-60.53171891308081
10.932901721069415,-60.15605626758376
10.60888129563868,-59.77553420306654
10.286140419700878,-59.39382145658085
9.970106052545136,-59.006369705872785
9.68432473006306,-58.59838045496351
9.445467388004676,-58.159210038271425
9.237519424739105,-57.70542149778424
9.076700876398858,-57.23268873024183
8.953744388830998,-56.74804277475995
8.832430011236497,-56.262983986319284
8.720074963826066,-55.775841633946236
8.6180650095943,-55.28638421024446
8.525157288672142,-54.79509187833498
8.439096444966571,-54.30255797614085
8.353476117102106,-53.80994336569005
8.277662777551974,-53.31580634128163
8.214766763806367,-52.819827217439745
8.160874074699974,-52.322743463302345
8.102983230521604,-51.82610612060617
8.047223234760699,-51.329225259412524
7.991541183109264,-50.83233542383672
7.933504227853906,-50.33572543641735
7.871380400887717,-49.839600311781
7.811420579547988,-49.343208511058144
7.755580634547702,-48.84633999954256
7.700610020441964,-48.349370954752054
7.647809108151601,-47.85218071249844
7.601388166176442,-47.35434028008449
7.560719240393388,-46.856000035545904
7.517033173091951,-46.3579233587186
7.469517387706136,-45.86019002396617
7.416694620131147,-45.36298809795849
7.43075915661678,-44.865623831904486
7.4414145495274155,-44.37141269674342
7.311086450168195,-43.88869685225786
7.242827992743485,-43.394059921063764
7.185354844761405,-42.89737423566118
7.128439222429658,-42.40062418590314
7.0732229174377785,-41.9036828358584
7.01792703706349,-41.40675006705186
6.962088074891586,-40.909877839710106
6.904927969124241,-40.41315602163946
6.846730984304011,-39.916555511133126
6.787413501839245,-39.42008654304542
6.729006093318518,-38.92350971615068
6.6707650150159905,-38.42691334321133
6.612666288415143,-37.93030027675301
6.554702337539527,-37.43367146123894
6.496675830074604,-36.93704995456311
6.43858108570654,-36.4404364253064
6.380229621036759,-35.94385299166118
6.322114616655936,-35.44724187368338
6.2642215710013085,-34.950604805799884
6.2067813620733725,-34.45391514172554
6.149657578905062,-33.95718905592747
6.092776656274979,-33.46043503802242
6.0361240864708865,-32.963654919323425
5.979304008258894,-32.466893949723726
5.9224880511749864,-31.970132583935253
5.86650987511757,-31.47327602132862
5.810641488020586,-30.97640710952078
5.754893738822734,-30.479524663439005
5.699600758536929,-29.98259138186982
5.642190863021084,-29.48590147198103
5.583519954041148,-28.989356725884644
5.528981925677662,-28.492340022481038
5.474684863411251,-27.995296993148553
5.420617544854908,-27.498228863950803
5.366240228936609,-27.001194555709027
5.311947539626959,-26.504151006287124
5.257795819851801,-26.007092064867283
5.210894145223317,-25.509306145695394
5.164273145132886,-25.011486905006674
5.1151996323705955,-24.513900942237278
5.06455666097423,-24.016473092790275
5.0134931970847205,-23.519087444798583
4.962826732299242,-23.021661159459576
4.912724418063559,-22.524177911044585
4.8630080462992,-22.026655829141763
4.814061182925361,-21.529057392080443
4.765462998620658,-21.031424888371447
4.717170872032903,-20.533762482206775
4.668983262173541,-20.036089945416144
4.621020543702525,-19.53839576265762
4.5734074576164,-19.040667931374916
4.525926238622554,-18.542927507730894
4.478520445352603,-18.04517989756849
4.431289952290743,-17.547415615477934
4.384737610402131,-17.04958779764947
4.338687035688815,-16.551712969436004
4.292470151390958,-16.05385355366365
4.246414904837727,-15.555979232109562
4.200787507644499,-15.058065443763223
4.154871764378076,-14.560178217283942
4.108769534159079,-14.062308169612015
4.0635119094198675,-13.564360712845119
4.019058735289985,-13.066343234882643
3.9780944712835136,-12.568024131220708
3.932220756001459,-12.07016659043507
3.879589040445706,-11.57294440416651
3.83025599206107,-11.075389918411505
3.782658776610714,-10.577660569185076
3.731070417106715,-10.080331368482364
3.6849248942990256,-9.582829578264667
3.698965416193629,-9.083026753397784
3.65644419452118,-8.589980733788732
3.525067026947758,-8.107549350232079
3.455255717892397,-7.612851819826161
3.3963643678886224,-7.116399113596197
3.3515816912981293,-6.618408639914852
3.302237780126406,-6.120871978284071
3.2480204683177147,-5.623820187119146
3.195282345513609,-5.126609977006357
3.142083451910589,-4.629491770344413
3.043168664064117,-4.139373555272508
2.9442538762176453,-3.649255340200603
2.9492325006560125,-3.1496959840486523
2.930420486301464,-2.651306091579263
2.866583862828894,-2.155397949375849
2.8032057314010688,-1.6594311331794973
2.7401059017034433,-1.1634287022457925
2.6818991223316666,-0.666834258568419
2.6248866487356577,-0.17009531520434562
2.5780106197245125,0.32769879731833507
2.531367056893096,0.8255182779944481
2.483589113890886,1.3232303113656232
2.4359599510550107,1.8209565502824092
2.388690069886301,2.3187170934497945
2.3453767318039462,2.816824839009516
2.305230818154341,3.315210538661128
2.268529943335771,3.8138578556380556
2.2329543686355127,4.312590628257595
2.1812807540262056,4.809865014006975
2.126648275947544,5.306871344287573
2.0867989429140974,5.8052740553618
2.048051650714597,6.303768436737178
2.0123707745452686,6.80249368682566
1.9732031781052772,7.300937163372566
1.9283367281658912,7.79892009648358
1.8861920390601916,8.297134541241945
1.84630608431162,8.795541112841683
1.805433350847595,9.293867320386658
1.76414732506657,9.792159869071872
1.7268951095511444,10.29076763518331
1.6900711323372202,10.789409395981739
1.651355496314624,11.287908242045978
1.6133475579366883,11.786460274409576
1.577120785271691,12.28514616847743
1.5387808145911293,12.78366863732694
1.4979031604226045,13.281994853163221
1.4601421517870434,13.780561572539618
1.4240820073075173,14.279259543239423
1.3858562696890258,14.777795388961964
1.347217740111861,15.276300194339518
1.3080564740518699,15.774764230394887
1.269609334652176,16.27328267096787
1.2328076467223774,16.771926467445418
1.1950339020228813,17.270496734485302
1.1564080509622545,17.76900254551447
1.1243406984333955,18.267960403328992
1.0939466222943652,18.767032920759807
1.0527608960363901,19.265333769597724
1.0108701509932996,19.763574315945977
0.9668342293542771,20.261631378545662
0.9217686821936255,20.759595174886073
0.8755914671122444,21.257458273345218
0.8281538789157723,21.755202200849368
0.7801989600686938,22.25289721364172
0.7309026259484326,22.75046102789905
0.6813305959140673,23.247997390448244
0.6307882666101258,23.745436304234186
0.5795981914438414,24.242808331753373
0.5274267622377061,24.740079024610452
0.47473554084673963,25.237294758844378
0.42176118081286307,25.734480556287355
0.37222037478428244,26.23201910670153
0.3215975960539629,26.729443557626716
0.26655541059262383,27.22640468067319
0.20935803709621945,27.72311973358363
0.1509180844896414,28.219692749520878
0.09221446380784089,28.71623467616838
0.033559849085723396,29.212782392435713
-0.025061962334502492,29.709333984138816
-0.08369616007822946,30.20588411338555
-0.14216006644036427,30.702454277645025
-0.20037131959813043,31.19905416689773
-0.2585032378572938,31.695663347201332
-0.316598485337005,32.192276819204004
-0.3745366990001323,32.68890863795661
-0.4323675326353731,33.1855529496423
-0.4899929948872918,33.68222115488622
-0.5471989342631984,34.178937732979925
-0.6041189482971402,34.67568727953472
-0.6606113949138658,35.172485588882545
-0.7170038610651711,35.669295300705265
-0.7727061096847255,36.16618286907737
-0.8283035279066759,36.66308212168998
-0.8833054522989325,37.1600477023021
-0.9382207063927358,37.65702284658095
-0.9928984377603127,38.15402420039447
-1.0469434989175188,38.65109404525475
-1.0998938691616438,39.14828239818651
-1.1525524870927644,39.645501626713994
-1.2048425192171628,40.142759861980586
-1.2566935322526858,40.6400638626867
-1.308086380500496,41.137415624671114
-1.3584309631081215,41.63487354916894
-1.4077969436635016,42.13243058103944
-1.4561399539145148,42.63008707127196
-1.503542569472414,43.12783499144668
-1.5504395194336529,43.625630545489116
-1.5968219962089754,44.12347456307712
-1.6399513741035388,44.621597659129826
-1.679041149541776,45.12006730660715
-1.719439898983136,45.61842975612178
-1.761971033979424,46.11661757467613
-1.8041803972266617,46.61483254421138
-1.845730057192706,47.11310317926497
-1.8870447554140029,47.61139319654546
-1.927706811180254,48.10973705094807
-1.9685704008413991,48.60806424263575
-2.010306610449495,49.10631928657163
-2.0514538431648863,49.60462041086733
-2.0877160727881408,50.10330372791607
-2.123978302411395,50.601987044964815
-2.1603217614477237,51.100664448458645
-2.196668035863791,51.59934164699097
-2.2322010931976144,52.098077145475195
-2.2673617631415013,52.59683934060339
-2.3020347389845495,53.095635468325824
-2.336283853691779,53.594461087296786
-2.370352872810852,54.09329897751913
-2.404083561037183,54.592159920740585
-2.437902741657158,55.091014831752005
-2.4721806440081764,55.589838473343335
-2.506458546359195,56.088662114934664
-2.5397302160125577,56.58755386161211
-2.5729810163430193,57.086447020792875
-2.6040686433173525,57.5854785881677
-2.634670911942153,58.0845412106461
-2.665889775295345,58.58356545002406
-2.6974173447785614,59.082570472406076
-2.7272459150912005,59.581677109503055
-2.755419897662831,60.08088270513078
-2.785635576127734,60.57996280285016
-2.8188125144197755,61.07886087938037
-2.852144450122184,61.57774857967313
-2.8857625849963204,62.076617120480826
-2.91999349590066,62.57544336266349
-2.955239272559362,63.07419955082335
-2.989922548069832,63.572994750731
-3.023864592247852,64.07184135805333
-3.063449945062628,64.57024602769235
-3.107576597435105,65.06829505996771
-3.1430890585847258,65.56699732083374
-3.174570908929703,66.06600522968775
-3.2107786168853845,66.56468839531361
-3.247850279499605,67.0633121932124
-3.2814094247684666,67.56218463830642
-3.316385691107969,68.0609476885557
-3.35972376380298,68.55906595910507
-3.4029803524531634,69.05719130028292
-3.446090593392154,69.55532934051489
-3.4896573772099027,70.0534274865645
-3.5335985932971092,70.55149291352039
-3.5785339124031657,71.0494692088528
-3.6238947240981965,71.54740735437123
-3.6685335057635533,72.04541065989793
-3.7126126254069094,72.54346187000486
-3.752129283380647,73.04189785761268
-3.79578652372156,73.53995107121287
-3.848313992687576,74.0371842810893
-3.8917808703758836,74.53521193094227
-3.926585275551142,75.03399911339628
-3.9636171612306397,75.53262309150178
-4.001885027075137,76.03115651108737
-4.049241424714762,76.5288826674134
-4.099430354410815,77.02635734841066
-4.148409729913683,77.52395258630521
-4.1972734559632,78.02155914386395
-4.245707649676036,78.51920774366042
-4.295943130540988,79.01667114656259
-4.349781937589657,79.51376407837269
-4.394030582595837,80.0116739199512
-4.4250441956897415,80.51071114882583
-4.4696492040308495,81.00861555010538
-4.521677987732362,81.50590118801037
-4.55656710865434,82.00461771950464
-4.589244115452861,82.50354359709792
-4.625294621540429,83.0022422646426
-4.663571688715765,83.50077383529772
-4.703247014061068,83.99919470547307
-4.745719672749518,84.49738751279165
-4.793288020033409,84.9950931890653
-4.845973214474726,85.49230971160523
-4.895382957245689,85.98985719893504
-4.943228681464371,86.48756272097995
-4.9826398066996305,86.98599521179375
-5.020660446656107,87.48454754699769
-5.062151910156361,87.98282292187633
-5.103160736136577,88.48113667565829
-5.140923047695395,88.9797086442102
-5.177314808530175,89.47837830100163
-5.210648059559289,89.97726595807067
-5.247622855593863,90.47588407359471
-5.288104231802651,90.97424263746235
-5.329016987197456,91.47256588483317
-5.370131404487325,91.97087262238638
-5.412388285279748,92.46908355880967
-5.454374232017461,92.96731462068945
-5.4899175685384956,93.4660496918735
-5.52689700068785,93.9646753509461
-5.567319803173182,94.46303866925841
-5.596962527613626,94.96203682330817
-5.615313220007601,95.46169996192125
-5.643499740841535,95.96083479743648
-5.678776140738033,96.4595888205885
-5.7192955753959165,96.95793446749254
-5.761671297907759,97.45613552945609
-5.794489809743214,97.95505659252797
-5.827508824853431,98.45396482163203
-5.8616982770096,98.95279453341875
-5.89126229211789,99.45188830353473
-5.914064630026496,99.95136808629466
-5.948612253603839,100.45006585905618
-5.992229127928677,100.94815979424723
-6.037483628263748,101.44610648908112
-6.08341613906207,101.94399222341355
-6.126739411835621,102.44211137078736
-6.1687437237659015,102.94033778806464
-6.205559907691906,103.4389805144742
-6.245607108202941,103.9373533289231
-6.292034864548975,104.4351931258866
-6.342393291490228,104.93263777514915
-6.395988111172899,105.42975707200169
-6.447774420460655,105.92706672553795
-6.498857072551067,106.42445044326038
-6.532393874524856,106.92327395925331
-6.563719370941344,107.42228901029918
-6.599226432909918,107.92102666533471
-6.637745308757441,108.41951961565248
-6.6832156364887725,108.91744777241409
-6.722948290318999,109.41583601831043
-6.757403912874118,109.91464741560837
-6.791474522275822,110.41348517255678
-6.825323276128916,110.9123381186868
-6.864766498912586,111.41077356126952
-6.905210804965748,111.90913506207185
-6.945083416107195,112.40754270133993
-6.95953760377127,112.9071977340069
-6.972172499932428,113.40703049771606
-6.986958929331301,113.90681181139797
-6.990210659486927,114.4067911571263
-6.992881023249874,114.9067837666073
-6.996439651975861,115.4067711026085
-7.011052946860382,115.90646196632444
-7.034298225470728,116.40592133106024
-7.004472974082051,116.90494314616983
-6.976287045110151,117.4041467170481
-6.93143391165649,117.90192900095083
-6.874573456908155,118.39868011383753
-6.801676562108412,118.89333761426435
-6.721844617536277,119.38680115550228
-6.625124175714789,119.87735712186486
-6.525753368535111,120.36738002560395
-6.4251450588032935,120.85715253256517
-6.319082957441353,121.3457738897066
-6.21317123242632,121.83442782693032
-6.1074890633321335,122.32313149904216
-5.9890973452362335,122.80885697643835
-5.862833571250298,123.2925524321799
-5.713333886255073,123.76967908641997
-5.570431911677324,124.2487857363489
-5.4285756516468195,124.72813836933507
-5.264186985126197,125.20034191882459
-5.103492861513669,125.67381567589723
-4.951740429093486,126.15017319134293
-4.756722166691691,126.60860466279239
-4.526843888777704,127.05259036915085
-4.288446357529406,127.49209761265732
-4.025413109472449,127.91673423073973
-3.7628023514475215,128.3405575967168
-3.5700582908585683,128.8016917148454
-3.304833416820493,129.22554990597953
-3.034409471685719,129.64605098497597
-2.753929997928301,130.05982379150922
-2.4487999194091024,130.45592432822048
-2.1398064837011113,130.8489918953736
-1.8274589599238733,131.23942630009515
-1.5079439865418576,131.62400250535495
-1.1842366149195593,132.00501219014888
-0.8525337693714193,132.37914214384853
-0.5076091854139096,132.740954448899
-0.15543833541947705,133.09578958826955
0.2103123898887347,133.4367095303917
0.5813509630484573,133.77181972542218
0.9577760879408752,134.1007246063461
1.3532851895419769,134.4066209132062
1.7599545762970452,134.69716636375537
2.1746102818966566,134.97647530742842
2.59768081885867,135.2429548014889
3.018592186233335,135.51281969992354
3.4413121006278926,135.7797453745392
3.8701188960160815,136.03689267129513
4.311401070081269,136.27173159104802
4.7548069218240965,136.50279617985137
5.197733817821895,136.7347784309003
5.649304006078821,136.94856353521038
6.108973378506373,137.14529703020315
6.579260259156861,137.3148590945529
7.05482203878014,137.46791764998707
7.538687560874628,137.59391033441057
8.02395003713025,137.71438666716935
8.510140621013507,137.83097671361
8.998278800740708,137.93924082351057
9.487963839598109,138.0401458365913
9.978717997354961,138.13576261675612
10.471247070831893,138.22187366006597
10.963720156936924,138.30830396112324
11.456412205454722,138.39340484384272
11.95042136566836,138.4705731639295
12.44542153235655,138.54091968910217
12.940941759765693,138.60769756016444
13.43616941109343,138.67661470868666
13.93158513618859,138.74414846940556
14.427237311569149,138.8099430059605
14.924794860157645,138.85876790994095
15.422911968870567,138.9017855447022
15.921849314435441,138.93436660055852
16.42075238745579,138.96746605424414
16.91963489768772,139.0008761637329
17.41850104265625,139.0345298322427
17.91774113974716,139.06145742486393
18.417263309959864,139.08331151981074
18.91707544479548,139.09693591202688
19.416900204087987,139.1101721472822
19.916730381964072,139.12317366648935
20.416675595109727,139.1305752779895
20.916527994650394,139.14210372549013
21.416290987297273,139.15746686352577
21.915942906670875,139.17612053518238
22.415729473713828,139.19019258924854
22.915586244442732,139.2018010553584
23.415139691108156,139.2229281451901
23.91485318773734,139.23946173117088
24.41465854975293,139.25340012218388
24.91442594868388,139.26864961285858
25.414263275412345,139.28129638955963
25.914163906837512,139.29082786855258
26.414134216176045,139.29627634598674
26.914101441588638,139.30200116154492
27.414084027485643,139.30534207475213
27.90999855581195,139.28791311679572
28.36146416937333,139.07302058604688
28.8220260677849,139.05828748183586
29.29579734392398,139.1982715985839
29.794481311879228,139.16201832143042
30.293158583962043,139.1256730667793
30.790795986797693,139.07785935027002
31.288692610331555,139.0342338549913
31.787963265044215,139.00791449981202
32.28549905444936,138.95833488443424
32.77864498486523,138.87644928950914
33.27233369669014,138.79735845698679
33.768160139222516,138.73393170567118
34.26313507083858,138.66580926732516
34.75413769394259,138.57147691434645
35.24382059903249,138.4704358801935
35.73439521329368,138.37397099956544
36.228342716018936,138.2964089950053
36.72086367029588,138.21032625998095
37.20979110286102,138.10642796354483
37.698689226715274,138.0020172938784
38.19070263206089,137.91353328609816
38.6859360580501,137.84663596215307
39.18445391386562,137.8081749274663
39.68265447206663,137.7657932827582
40.181061934842106,137.72592866568596
40.67978970012265,137.6903382866967
41.178347988040166,137.65244156343437
41.677312690225406,137.6205696511873
42.176432625090065,137.607076865229
42.675315915790115,137.64010864795327
43.17343887152419,137.6833928364145
43.669663350538436,137.74401070479504
44.16470018779802,137.81405673483147
44.65872026620406,137.8911492656936
45.148317394813446,137.9926118285304
45.62752322833252,138.13345527001155
46.10228836987085,138.2902606097176
46.57683233693993,138.44774841279104
47.053151444381726,138.59973578478295
47.52980501531438,138.75041706585824
48.00062033143693,138.91873593150356
48.468734175683906,139.09443260828124
48.93555815309719,139.2735285996159
48.942,139.276
